-- phpMyAdmin SQL Dump
-- version 5.2.1
-- https://www.phpmyadmin.net/
--
-- Host: 127.0.0.1
-- Generation Time: May 06, 2025 at 07:04 PM
-- Server version: 10.4.32-MariaDB
-- PHP Version: 8.0.30

SET SQL_MODE = "NO_AUTO_VALUE_ON_ZERO";
START TRANSACTION;
SET time_zone = "+00:00";


/*!40101 SET @OLD_CHARACTER_SET_CLIENT=@@CHARACTER_SET_CLIENT */;
/*!40101 SET @OLD_CHARACTER_SET_RESULTS=@@CHARACTER_SET_RESULTS */;
/*!40101 SET @OLD_COLLATION_CONNECTION=@@COLLATION_CONNECTION */;
/*!40101 SET NAMES utf8mb4 */;

--
-- Database: `lestial`
--

-- --------------------------------------------------------

--
-- Table structure for table `address`
--

CREATE TABLE `address` (
  `UserID` varchar(50) CHARACTER SET utf8 COLLATE utf8_general_ci DEFAULT NULL,
  `firstName` varchar(50) CHARACTER SET utf8 COLLATE utf8_general_ci DEFAULT NULL,
  `lastName` varchar(50) CHARACTER SET utf8 COLLATE utf8_general_ci DEFAULT NULL,
  `telephone` varchar(50) CHARACTER SET utf8 COLLATE utf8_general_ci DEFAULT NULL,
  `address` varchar(255) CHARACTER SET utf8 COLLATE utf8_general_ci DEFAULT NULL,
  `province` varchar(50) CHARACTER SET utf8 COLLATE utf8_general_ci DEFAULT NULL,
  `district` varchar(50) CHARACTER SET utf8 COLLATE utf8_general_ci DEFAULT NULL,
  `sub_district` varchar(50) CHARACTER SET utf8 COLLATE utf8_general_ci DEFAULT NULL,
  `postal` varchar(50) DEFAULT NULL,
  `id` int(11) NOT NULL
) ENGINE=InnoDB DEFAULT CHARSET=latin1 COLLATE=latin1_swedish_ci;

--
-- Dumping data for table `address`
--

INSERT INTO `address` (`UserID`, `firstName`, `lastName`, `telephone`, `address`, `province`, `district`, `sub_district`, `postal`, `id`) VALUES
('cefe48d', 'admin', 'admin', NULL, NULL, NULL, NULL, NULL, NULL, 1),
('df99d6c', 'วีระพล', 'ขอร้อง', NULL, '', NULL, NULL, NULL, NULL, 4),
('1640eed', 'NishiKi', 'YuKi', NULL, NULL, NULL, NULL, NULL, NULL, 6),
('df99d6c', 'วีระพล', 'ขอร้อง', NULL, '', 'เชียงใหม่', 'สันทราย', 'สันทรายน้อย', '50100', 8),
('df99d6c', 'วีระพล', 'ขอร้อง', NULL, '', 'เชียงใหม่', 'สันทราย', 'สันทรายน้อย', '50100', 9),
('1640eed', 'NishiKi', 'YuKi', '0882726048', '41/1', 'ตาก', 'แม่ต้าน', 'ตาก', '63150', 10),
('1640eed', 'NishiKi', 'YuKi', '0882726048', '477', 'ตาก', '', '', '63150', 11),
('c622abe', NULL, NULL, NULL, NULL, NULL, NULL, NULL, NULL, 15),
('c622abe', 'Fortune', 'Gamer', '941456309', 'ม.9 ต.วิเชตนคร อ.แจ้ห่ม', 'ลำปาง', 'แจ้ห่ม', '', '52120', 16),
('1640eed', '', '', '', '', 'ลำปาง', 'เกาะคา', 'ไหล่หิน', '52130', 19),
('df99d6c', 'วีระพล', 'ขอร้อง', NULL, '', 'เชียงใหม่', 'สันทราย', 'สันทรายน้อย', '50210', 22),
('4def3fa', NULL, NULL, NULL, NULL, NULL, NULL, NULL, NULL, 30),
('df99d6c', 'วีระพล', 'ขอร้อง', '0956790178', '379/14', 'เชียงใหม่', 'สันทราย', 'สันทรายน้อย', '50210', 32),
('5728640', NULL, NULL, NULL, NULL, NULL, NULL, NULL, NULL, 34),
('bb6c104', NULL, NULL, NULL, NULL, NULL, NULL, NULL, NULL, 35),
('5728640', 'กษิดิศ', 'วงศ์ต่อม', '0882726048', '41/1 หมู่ที่ 2', 'ตาก', 'ท่าสองยาง', 'แม่ต้าน', '63150', 37),
('3f1addf', NULL, NULL, NULL, NULL, NULL, NULL, NULL, NULL, 49),
('3f1addf', 'ksdk', 'slsl', '0882726048', '47/1', 'ตาก', 'เมืองตาก', 'หัวเดียด', '63000', 50),
('685d243', NULL, NULL, NULL, NULL, NULL, NULL, NULL, NULL, 51);

-- --------------------------------------------------------

--
-- Table structure for table `carts`
--

CREATE TABLE `carts` (
  `UserID` varchar(50) DEFAULT NULL,
  `Product_id` int(11) DEFAULT NULL,
  `quantity` int(11) DEFAULT 1
) ENGINE=InnoDB DEFAULT CHARSET=utf8 COLLATE=utf8_general_ci;

--
-- Dumping data for table `carts`
--

INSERT INTO `carts` (`UserID`, `Product_id`, `quantity`) VALUES
('4def3fa', 62, 1),
('bb6c104', 58, 1),
('685d243', 62, 1),
('685d243', 58, 1),
('685d243', 73, 5);

-- --------------------------------------------------------

--
-- Table structure for table `chapters`
--

CREATE TABLE `chapters` (
  `id` int(11) NOT NULL,
  `novel_id` int(11) NOT NULL,
  `title` varchar(255) NOT NULL,
  `content` text NOT NULL,
  `chapter` int(11) DEFAULT 0,
  `price` float DEFAULT 0,
  `created_at` timestamp NOT NULL DEFAULT current_timestamp()
) ENGINE=InnoDB DEFAULT CHARSET=utf8 COLLATE=utf8_general_ci;

--
-- Dumping data for table `chapters`
--

INSERT INTO `chapters` (`id`, `novel_id`, `title`, `content`, `chapter`, `price`, `created_at`) VALUES
(1, 1, 'ฉันคือบารอนเหรอ?', 'เมื่อเขาตื่นขึ้นมา เฉินไคก็รู้สึกปวดหัวอย่างรุนแรง และเขาสาบานในใจว่าจะไม่ดื่มมากขนาดนี้อีกต่อไป\n\n  สถานการณ์เศรษฐกิจโลกในช่วงนี้ไม่ค่อยดีนัก เนื่องจากเป็นแผนกต่างประเทศของธนาคารเพื่อการลงทุน เฉินไคและเพื่อนร่วมงานของเขาต้องเผชิญกับแรงกดดันมหาศาล\n\n  หลังจากเสร็จสิ้นคำสั่งซื้อใหญ่ในที่สุด เขาต้องการพักผ่อนเป็นธรรมดา แอลกอฮอล์และหญิงสาวสวยเป็นสิ่งที่ขาดไม่ได้ หลังจากคืนแห่งความสนุกสนาน เฉินไคก็ตื่นขึ้นอีกครั้งและมองไปที่หญิงสาวที่นั่งข้างๆ เขาซึ่งเพิ่งตื่นขึ้นมาและเอาผ้าห่มมาคลุมร่างของเธอไว้โดยไม่รู้ตัว...\n\n  \"อ่า...\"\n\n  เฉินไคอดไม่ได้ที่จะต้องปิดหูเมื่อได้ยินเสียงกรีดร้องอันดังของหญิงสาว\n\n  “ฉันมาที่นี่ทำไม?”\n\n  เด็กสาวพูดภาษาอังกฤษด้วยสำเนียงอังกฤษแท้ๆ\n\n  อย่างไรก็ตามในขณะนี้เขาไม่ได้อยู่ในอารมณ์ที่จะตอบคำถามของหญิงสาว กลับกัน เขากำลังพยายามอย่างดีที่สุดที่จะนึกขึ้นมา...\n\n  หลังจากที่เขาเมาค้าง มีหญิงสาวแปลกหน้าอยู่รอบตัวเขา เฉินไคไม่ได้แปลกใจกับเรื่องนี้เลย - ท้ายที่สุดแล้ว ผู้คนในอุตสาหกรรมของพวกเขาต้องเผชิญกับความกดดันอย่างมาก และพวกเขาก็เล่นอย่างบ้าคลั่งมาก พวกเขาทำสิ่งแบบนี้กับเพื่อนไม่กี่คน มันก็แค่...\n\n  ทำไมวันนี้ถึงเป็นสาวต่างชาติ และพูดภาษาอังกฤษได้ด้วย ไม่ใช่ว่าเขาไม่เข้าใจ แต่ว่ามันรู้สึก…แปลกนิดหน่อย\n\n  ฉันจำได้อย่างชัดเจนว่าเมื่อคืนฉันได้พบกับพี่น้องคู่หนึ่งที่บาร์ และพาพวกเธอไปที่โรงแรมหลังจากที่เราดื่มกันเสร็จ – หรือว่าตอนที่ฉันกำลังหมดสติเพราะดื่ม เพื่อนคนหนึ่งของฉันก็เล่นเกมพิเศษกับฉันน่ะเหรอ?\n  แม้ว่าเขาจะจำเหตุผลไม่ได้จริงๆ แต่เขาก็ยังต้องเผชิญกับมันภายใต้สถานการณ์ปัจจุบัน\n\n  โชคดีที่สาวต่างชาติผมสีน้ำตาลอ่อน มีฝ้ากระเล็กน้อยบนใบหน้า และมีหน้าตาคุ้นเคยคนนี้ ดูเหมือนจะสงบลงเล็กน้อย เธอเอื้อมมือไปหยิบเสื้อผ้าที่กระจัดกระจายอยู่บนพื้น พึมพำอะไรบางอย่าง แล้วหลังจากสวมผ้าห่มแล้ว เธอก็หยิบกระเป๋าบนโต๊ะข้างเตียงและเดินเข้าไปในห้องน้ำ\n\n  เมื่อฟังเสียงน้ำไหลแผ่วเบาจากห้องน้ำ เฉินไครู้ว่าอีกฝ่ายน่าจะกำลังอาบน้ำ...\n\n  และจากแสงที่ส่องผ่านช่องว่างระหว่างผ้าม่าน เขาก็บอกได้ว่าตอนนี้น่าจะสว่างแล้ว\n\n  โดยไม่รู้ตัว ฉันเอื้อมมือไปหยิบโทรศัพท์บนโต๊ะข้างเตียงขึ้นมา...\n\n  ห๊ะ?\n  เมื่อมองไปที่โทรศัพท์ฝาพับ Motorola ที่ค่อนข้าง \"คิดถึง\" ในมือของเขา เฉินไคก็รู้สึกสับสนขึ้นมาทันใด...\n\n  นอกจากนี้ ในที่สุดเขาก็จำได้ในขณะนี้ว่าเค้าโครงของห้องที่เขาอยู่ดูแตกต่างไปจากห้องในโรงแรม Ritz-Carlton ที่เขาพักเมื่อคืนนี้เล็กน้อย...\n\n  เกิดอะไรขึ้น?\n  ในขณะนี้ เขาก็รู้สึกราวกับว่ามีกระแสไฟฟ้าวิ่งตรงเข้าไปในสมองของเขา และฉากต่างๆ ราวกับภาพยนตร์ก็ฉายผ่านหน้าของเขา...\n\n  ดูเหมือนว่าสมองของเขาจะเหมือนถังขยะ ที่มีสิ่งของมากมายยัดเข้าไป ราวกับว่าศีรษะของเขากำลังจะถูกยกขึ้น...\n\n  จากนั้น ดวงตาของเฉินไคก็มืดลง และเขาก็ล้มลงบนเตียงอีกครั้ง...\n\n  \"\n\n  คุณไม่เป็นไรนะ\"\n\n  เมื่อเฉินไครู้สึกตัว เขาก็ลืมตาขึ้นและเห็นใบหน้าที่ประหม่าเล็กน้อยของหญิงสาว\n\n  ใบหน้านั้นยังคงดูคุ้นเคยมาก\n\n  “ฉัน… น่าจะสบายดี บางทีฉันอาจจะเหนื่อยเล็กน้อยเมื่อคืน...”\n\n  เมื่อได้ยินคำพูดของเฉินไค เด็กสาวก็ดูเหมือนจะคิดอะไรบางอย่างได้ ใบหน้าของเธอแดงขึ้นเล็กน้อยและเธอจ้องเขม็งไปที่เขา:\n  \"ไอ้เวร ฉันไม่ควรสนใจคุณเลย ฉันจะไปแล้ว...\"\n\n  ตอนนี้ เด็กสาวได้เก็บของเรียบร้อยแล้ว เธอสวมเสื้อสเวตเตอร์สีม่วงและกระโปรงลายสก๊อต ถุงเท้าผ้าฝ้ายสีดำและรองเท้าบูทยาวใต้กระโปรง   \n  ขณะที่เธอพูด เธอก็หยิบเสื้อกันลมจากโซฟาข้างๆ เธอและสวมมัน คว้ากระเป๋าสะพายไหล่และหันตัวเดินไปที่ประตู\n\n  เมื่อร่างของเธอใกล้จะหายไปที่มุมระเบียง เธอก็หยุดกะทันหัน หันศีรษะและมองเฉินไคอย่างลึกซึ้งแล้วพูดว่า\n\n  “สิ่งที่เราทำเมื่อคืน... เป็นเพียงความผิดพลาด เป็นความผิดของฉันเองที่อารมณ์เสียและไปดื่มที่บาร์มากเกินไป รู้ไหม ฉันหวังว่าเราทุกคนจะลืมเรื่องนั้นไป...”\n\n  จนกระทั่งได้ยินเสียงประตูปิดลง เฉินไคยังคงนอนอยู่ที่นั่น หัวของเขาไม่ได้เจ็บมากเท่ากับตอนเริ่มแรก แต่ว่าสิ่งที่น่าหนักใจที่สุด ณ ตอนนี้ก็คือสถานการณ์ของเขาในปัจจุบัน\n\n  เฉินไค...เอาล่ะ เขาไม่ควรถูกเรียกว่าเฉินไคอีกต่อไปแล้ว ชื่อปัจจุบันของเขาคือ บารอน คาเวนดิช!\n  ใช่แล้ว ตอนนี้เขามีความทรงจำเกี่ยวกับคนสองคนอยู่ในใจ คนหนึ่งคือเฉินไค และอีกคนคือชายหนุ่มที่ชื่อบารอนคาเวนดิช\n\n  หลังจากลุกขึ้น เขาก็เดินไปที่ห้องน้ำ และในกระจกบนอ่างล้างหน้า เขาก็เห็นใบหน้าสีขาวผมบลอนด์หล่อเหลาที่เป็นของร่างกายของเขาในปัจจุบัน - บารอน คาเวนดิช\n\n  ความจริงข้อนี้ยากที่จะยอมรับใช่ไหม?\n\n  ใครจะคิดว่าเฉินไคที่ปรากฏตัวในปี 2023 จะสามารถเดินทางย้อนเวลากลับไปเมื่อ 20 ปีก่อนในปี 2002 หลังจากใช้เวลาหนึ่งคืนในการดื่มด่ำและกลายเป็นชาวอังกฤษโดยกำเนิด...\n\n  เฉินไค... ตอนนี้คือบารอน เขาคิดว่าเขาจำเป็นต้องจัดการความคิดของตัวเองและยอมรับความจริงอันน่าเหลือเชื่อนี้ช้าๆ\n\n  หลังจากล้างหน้าและมองดูใบหน้าเด็กๆ ในกระจกอีกครั้ง เขาก็อดเกาผมของตัวเองไม่ได้... บ้าเอ้ย เรื่องนี้มันเรื่องอะไรกัน!\n  ...\n\n  โทรศัพท์มือถือเครื่องดังกล่าวเป็นโทรศัพท์แบบฝาพับยี่ห้อ Motorola ซึ่งได้รับความนิยมมากในขณะนั้น แต่ปัจจุบันปิดไปแล้ว คงจะปิดเครื่องอัตโนมัติหลังจากแบตเตอรี่หมดเมื่อคืนนี้...\n\n  โชคดีที่เขาจำได้ว่ามีที่ชาร์จอยู่ในกระเป๋าของเขา ดังนั้นเขาจึงหยิบมันออกมา ชาร์จโทรศัพท์ และเปิดเครื่องได้สำเร็จในที่สุด\n\n  ในเวลาเดียวกัน เขายังเห็นเวลาที่แสดงไว้ด้วย - 20 พฤษภาคม 2545 ขณะนี้เป็นเวลาแปดนาฬิกาเช้าแล้ว...\n\n  เฉินไคเดินไปที่หน้าต่างและดึงผ้าม่านเปิดออก มองไปยังทิวทัศน์ที่ดูมืดหม่นเล็กน้อยภายนอกผ่านกระจกห้อง และเริ่มนึกถึงความทรงจำของบารอน\n\n  ฉันเป็นใคร? ฉันอยู่ที่ไหน? ฉันควรทำอย่างไร?\n  นี่อาจเป็นสิ่งแรกที่เขาต้องคิดหาคำตอบตอนนี้\n\n  จนกระทั่งเขากลับมาสู่ความเป็นจริงโดยได้ยินเสียงดนตรี MIDI และมองไปทางเสียงนั้น เขาจึงรู้ว่าเสียงนั้นเป็นเสียงโทรเข้าจากโทรศัพท์มือถือ Motorola ของเขา\n\n  ท้ายที่สุด เฉินไคแทบจะลืมเสียงเรียกเข้าของโทรศัพท์ฟีเจอร์โฟนแบบ \"รุ่นเก่า\" นี้ไปแล้ว\n\n  ฌอน พ่อบ้านเหรอ?\n\n  เมื่อมองไปที่ชื่อที่แสดงบนโทรศัพท์ของผู้โทร เขาได้เชื่อมโยงรูปภาพที่สอดคล้องกันจากความทรงจำของบาร์รอนเรียบร้อยแล้ว\n\n  ในความเป็นจริงแล้ว เจ้าของเดิมของร่างปัจจุบันของเฉินไคคือ บาร์รอน คาเวนดิช ซึ่งเป็นชาวอังกฤษแท้ และเขายังมาจากตระกูลขุนนางอีกด้วย\n\n  ครอบครัวของเขาไม่ใช่ตระกูลขุนนางธรรมดา แต่เป็นเพียงหนึ่งในยี่สิบตระกูลที่มีบรรดาศักดิ์เป็นดยุคในอังกฤษทั้งหมด—ตระกูลคาเวนดิช!\n  ในปี ค.ศ. 1605 บรรพบุรุษของตระกูลคาเวนดิชมีชื่อว่าบารอนคาเวนดิช และต่อมาในปี ค.ศ. 1618 เขาก็ได้รับการแต่งตั้งให้เป็นเอิร์ลแห่งเดวอนฮิลล์ จากนั้นเมื่อกว่าสามร้อยปีก่อน เหลนชายของเอิร์ลแห่งเดวอนฮิลล์คนแรกได้รับการขนานนามว่าเป็นดยุคแห่งเดวอนฮิลล์ ในช่วงสามร้อยปีที่ผ่านมา ตระกูล Cavendish ได้ผลิตนักการเมืองและนักวิทยาศาสตร์มาหลายรุ่น เรียกได้ว่าเป็นตระกูลดยุกที่เก่าแก่ที่สุดตระกูลหนึ่งในอังกฤษ และอยู่ในอันดับ 10 อันดับแรกในบรรดาตระกูลดยุกทั้งหมดในอังกฤษ!\n\n  ในครอบครัวเช่นนี้ ก่อนจะเข้าเรียนมหาวิทยาลัย บาร์รอนได้รับการศึกษาตามแบบชนชั้นสูงอังกฤษดั้งเดิมที่สุด ก่อนเข้าเรียนมัธยมปลาย เขาอาศัยอยู่ที่คฤหาสน์ Darcy Manor ของครอบครัวในเดอร์บีเชียร์', 1, 0, '2025-04-14 20:20:59'),
(2, 1, 'มีบางอย่างเกิดขึ้น', 'ทำไมบัตเลอร์ฌอนถึงโทรหาฉันตอนนี้?\n\nด้วยความคิดนี้ บาร์รอนจึงรับโทรศัพท์\n\n“บัตเลอร์ ฌอน นี่บารอน...”\n\n“คุณชายน้อย ในที่สุดฉันก็ติดต่อคุณได้เสียที เมื่อคืนนี้ฉันติดต่อคุณไม่ได้ ฉันขอให้ราโมสช่วยตามหาคุณที่ลอนดอน...”\n\nบารอนขมวดคิ้วเล็กน้อยเมื่อได้ยินสิ่งที่บัตเลอร์ ฌอนพูด\n\nคุณรู้ไหมว่าในความทรงจำของเขา พ่อบ้านฌอนมักจะจัดเตรียมสิ่งเหล่านี้ในคฤหาสน์อย่างสงบและเป็นระเบียบอยู่เสมอ แต่ตอนนี้ แค่จากน้ำเสียงของเขา เขาก็ได้ยินความตื่นตระหนกของอีกฝ่ายแล้ว และเขาอดไม่ได้ที่จะถามว่า\n\"เกิดอะไรขึ้น?\"\n\n“ท่านชายน้อย ท่านต้องกลับมาเร็วๆ นี้ ท่านชายกับท่านชายใหญ่ประสบอุบัติเหตุ...” ...\n\nลอนดอน\n\nในเดือนพฤษภาคมและมิถุนายนถือเป็นเมืองที่มีสภาพอากาศดีที่สุดแห่งหนึ่งในรอบปี ในเมืองนี้ที่ท้องฟ้ามักมืดครึ้ม นี่เป็นช่วงเวลาที่แสงแดดค่อนข้างยาวนานและคุณจะได้เห็นแสงแดดมากขึ้น\n\nแต่ในเวลานี้ บาร์รอน คาเวนดิชไม่มีเวลาว่างและความสง่างามในการชื่นชมฉากท้องถนนในลอนดอนมากนัก\n\nเพราะเขามีเรื่องสำคัญกว่าที่จะต้องเผชิญ เขาไม่คาดคิดว่าจะต้องเผชิญกับสถานการณ์ที่ซับซ้อนเช่นนี้หลังจากมาถึงในเวลาและสถานที่นี้และกลายเป็นลูกชายของดยุค แต่ก่อนที่เขาจะมีเวลาเพลิดเพลินกับชีวิตของขุนนาง\n\nหลังจากได้ยินจากพ่อบ้านคนเก่าว่าพ่อบ้านคนปัจจุบันและพี่ชายของเขาประสบอุบัติเหตุทางรถยนต์ พี่ชายของเขาเสียชีวิตในที่เกิดเหตุ และพ่อของเขาถูกส่งไปโรงพยาบาลเพื่อรับการรักษา และสถานการณ์ไม่ได้เป็นไปด้วยดี เขาก็วางสายไปเมื่อได้รับสายจากราโมส พ่อบ้านประจำของเขาที่ถูกส่งไปลอนดอน\n\nหลังจากทราบที่อยู่ปัจจุบันของบาร์รอน อีกฝ่ายก็ขับรถไปรับบาร์รอนในเวลาที่สั้นที่สุด\n\nเนื่องจากราโมสเป็นพ่อบ้านเต็มเวลาของบาร์รอน เขาจึงควรอยู่เคียงข้างเขาเสมอ อย่างไรก็ตาม บาร์รอนไม่ชอบที่ถูกตามแบบนี้ เพราะจะกระทบต่อ \"ชีวิตกลางคืน\" ที่ร่ำรวยของเขา ดังนั้น เขาจึงหาเหตุผลเพื่อส่งราโมสกลับไปที่แชทส์เวิร์ธในเดอร์บีเชียร์เป็นการชั่วคราว\n\nนอกจากนี้ เมื่อเราเข้าสู่ศตวรรษใหม่ วิถีชีวิตของขุนนางหลายคนก็ค่อยๆ เปลี่ยนแปลงไป สำหรับขุนนางหนุ่ม ประเพณีบางอย่างไม่ได้ถูกปฏิบัติตามอย่างเคร่งครัดจนเกินไป ดังนั้นพฤติกรรมของเขาจึงไม่เกินกว่าเหตุจนเกินไป\n\n“ราโมส การโทรที่บัตเลอร์ ฌอนเพิ่งบอกฉันนั้นรีบเกินไปและไม่มีรายละเอียดมากนัก คุณมีข้อมูลเพิ่มเติมไหม”\n\nหลังจากได้ขึ้นไปนั่งในรถโรลส์-รอยซ์เก่าที่ดูแลรักษาอย่างดีคันนี้แล้ว บาร์รอนก็พยายามทำให้สีหน้าของเขาดูเคร่งขรึมที่สุด และถามราโมสที่นั่งเบาะข้างผู้โดยสารว่า\n\n“ข้าพเจ้ายังไม่ทราบสาเหตุที่บิดาและพี่ชายของข้าพเจ้าเดินทางมาลอนดอนพร้อมกัน พวกท่านไม่ติดต่อข้าพเจ้าล่วงหน้า...”\n\n“อาจารย์ครับ อาจารย์เก่าและอาจารย์ใหญ่มีเรื่องด่วนที่จะต้องมาเยี่ยมบุคคลสำคัญที่นี่ แต่พวกท่านไม่คาดคิดว่าจะเกิดอุบัติเหตุทางรถยนต์ระหว่างทางกลับ… ส่วนสาเหตุที่พวกท่านไม่ติดต่อท่านก่อนหน้านี้ น่าจะเป็นเพราะการเดินทางนั้นรีบร้อนเกินไป”\n\nราโมสพยายามอย่างดีที่สุดที่จะบอกบาร์รอนในสิ่งที่เขารู้ แน่นอนว่าเขาฉลาดที่จะไม่พูดบางสิ่งที่ไม่สะดวกจะพูด\n\nทำไมพวกเขาไม่แจ้งให้อาจารย์บารอนทราบล่วงหน้าว่าพวกเขาจะมาลอนดอนครั้งนี้? ฉันกลัวว่าคงเป็นเพราะพวกเขาอยู่ที่นี่เพื่อทำบางอย่างที่สำคัญมาก และอาจารย์บาร์รอนไม่เคยสนใจเรื่องภายในครอบครัวและหลงใหลแต่เรื่องสนุกสนานเท่านั้น...\n\n...\n\nเนื่องจากเป็นดยุคแห่งเดวอนเชียร์โดยสืบทอดราชสกุล ครอบครัวคาเวนดิชจึงอาศัยอยู่ในคฤหาสน์แชทส์เวิร์ธในดาร์บีเชียร์ทุกวัน \nคฤหาสน์อันงดงามแห่งนี้มีห้องมากกว่า 100 ห้อง สร้างขึ้นเมื่อปี ค.ศ. 1552 ในช่วง 400 ปีตั้งแต่ศตวรรษที่ 15 ถึงศตวรรษที่ 19 หลังจากที่ได้รับการออกแบบและก่อสร้างอย่างพิถีพิถันโดยนักจัดสวนที่มีชื่อเสียงหลายคน Chatsworth House ก็ได้กลายเป็นคฤหาสน์ที่สวยงามที่สุดแห่งหนึ่งในอังกฤษ และยังเป็นส่วนสำคัญของมรดกทางวัฒนธรรมของอังกฤษอีกด้วย\n\nที่ดินทั้งหมดมีพื้นที่ครอบคลุมมากกว่า 1,000 ไร่ ออกแบบโดยอัจฉริยะด้านภูมิทัศน์ Langlois Brown ในศตวรรษที่ 18 และต่อมาได้รับการปรับปรุงโดยลูกหลานถึง 16 รุ่น การตกแต่งภายในก็อลังการและงดงามมาก\n\nแชทส์เวิร์ธมีชื่อเสียงอย่างมากตลอดประวัติศาสตร์อังกฤษ สมเด็จพระราชินีแมรี่แห่งอังกฤษ ครั้งหนึ่งเคยถูกจองจำไว้ที่นี่ ต้นแบบของครอบครัวดาร์ซีในนวนิยายชื่อดังระดับโลกเรื่อง “Pride and Prejudice” คือแชทส์เวิร์ธ!\n\n“ท่านอาจารย์ เราจะกลับบ้านเร็วๆ นี้”\n\nหลังจากที่ราโมส บัตเลอร์ประจำการพูดจบ บาร์รอนก็มองออกไปนอกหน้าต่างรถและมองเห็นคฤหาสน์อันงดงามตระการตาที่มีฉากหลังเป็นแม่น้ำ ตั้งอยู่ท่ามกลางหญ้าสีเขียวราวกับพรมกำมะหยี่ และต้นไม้ที่กระจัดกระจายไปทั่ว ราวกับว่าเป็นฉากหนึ่งจากภาพยนตร์\n\nเมื่อรถจอดที่ประตูคฤหาสน์ ราโมสก็ลงจากรถและเปิดประตูให้บารอน\n\nในเวลานี้ บาร์รอนสวมทักซิโด้แบบเป็นทางการพร้อมเสื้อกั๊กและเสื้อเชิ้ตสีขาวด้านใน ซึ่งทั้งหมดเป็นชุดสั่งตัดพิเศษโดยนักออกแบบชื่อดัง หลังจากการตัดเย็บอย่างพิถีพิถัน รูปร่างที่ตรงและได้สัดส่วนของแบร์รอนก็ปรากฏออกมาอย่างสมบูรณ์แบบ ทำให้ทุกคนที่ได้เห็นเขาอดไม่ได้ที่จะส่งเสียงเชียร์ในใจ\n\nนี่เป็นประเพณีของขุนนางสมัยก่อน - ในโรงแรม Barron\'s ในเวลานั้น แม้แต่ในช่วงเวลาเร่งด่วนเช่นนี้ ราโมสก็ยังไม่ลืมที่จะนำเสื้อผ้ามาและขอให้เขาเปลี่ยนก่อนเริ่มการเดินทาง\n\n“ท่านบารอน ดีใจที่ท่านกลับมาได้”\n\nในขณะนี้ ที่ประตูบ้านพัก คนรับใช้ยืนอยู่เป็นสองแถว และที่ด้านหน้าคือฌอน พ่อบ้านของตระกูลคาเวนดิชรุ่นนี้ ในขณะนี้ เขาพูดกับบารอนด้วยเสียงต่ำพร้อมกับใบหน้าที่เคร่งขรึม และแม้ว่าเขาพยายามควบคุมการแสดงออกของเขา แต่ก็ยังสามารถสัมผัสได้ถึงความเศร้าโศกที่ลึกซึ้งในดวงตาของเขา\n\nบารอนเหลือบมองไปที่คนรับใช้ประมาณยี่สิบคนที่ยืนอยู่สองแถวหลังบัตเลอร์ฌอน และตรวจสอบหมายเลขของพวกเขาอย่างลับๆ ทีละคนจากความทรงจำในชีวิตก่อนหน้านี้ของเขา แน่นอนว่าเขาจำพวกเขาไม่ได้ทั้งหมด เพราะมีใบหน้าที่ไม่คุ้นเคยสองสามใบอยู่ท่ามกลางพวกเขา\n\n“บัตเลอร์ฌอน...”\n\nบารอนพยักหน้าให้บัตเลอร์และกล่าวว่า\n\n“ผมขอโทษ ผมยังไม่ฟื้นจากอาการช็อก ผมอยากไปโรงพยาบาลเพื่อดูพ่อก่อน ผมอยากรู้ว่าตอนนี้พ่อเป็นยังไงบ้าง...”\n\n“ท่านอาจารย์ ท่านอาจารย์ เขา...”\n\nดวงตาของบัตเลอร์ฌอนแดงก่ำทันทีเมื่อได้ยินคำพูดของบารอน ริมฝีปากของเขาสั่นเทา เขาสูดหายใจเข้าลึกๆ แล้วพูดช้าๆ\n“ในขณะที่คุณอยู่บนท้องถนน มีข่าวเศร้าจากโรงพยาบาล...”\n\n...\n\nประวัติศาสตร์อันสูงส่งของตระกูลคาเวนดิชสามารถสืบย้อนกลับไปได้เมื่อ 400 ปีก่อน เป็นเวลากว่า 300 ปีแล้วที่ตระกูลนี้ได้รับบรรดาศักดิ์เป็นดยุกแห่งเดวอนเชียร์ ซึ่งอาจกล่าวได้ว่าตระกูลนี้ได้สร้างรอยประทับอันลึกซึ้งไว้ในประวัติศาสตร์อังกฤษ ครอบครัวของพวกเขาผลิตนักการเมืองและนักวิทยาศาสตร์มากมาย รวมถึงนายกรัฐมนตรีชาวอังกฤษด้วย\n\nแต่เมื่อวันที่ 16 มิถุนายน พ.ศ. 2545 ทั้งครอบครัวต้องเผชิญกับช่วงเวลาที่เศร้าที่สุด...\n\nเนื่องจากอุบัติเหตุทางรถยนต์ ไม่เพียงแต่ดยุกแห่งเดวอนเชียร์คนที่ 12 และลูกชายคนโตของเขาเสียชีวิต แต่แม้แต่เลดี้เดวอนเชียร์วัย 82 ปี ซึ่งเป็นย่าของบาร์รอน โคเวนดิช ก็ยังเสียใจจากการเสียชีวิตของลูกชายและหลานชายคนโตของเธอโดยไม่ได้ตั้งใจ และเธออยู่ในอาการวิกฤต เธอเสียชีวิตได้สามวันหลังจากลูกชายของเธอเสียชีวิต\n\nกล่าวได้ว่าในเวลานี้ ในบรรดาสมาชิกโดยตรงของตระกูลดยุคแห่งเดวอนเชียร์ ซึ่งเป็นตระกูลดยุคที่เก่าแก่เป็นอันดับแปดของอังกฤษ มีเพียงบารอน คาเวนดิชเท่านั้นที่ยังคงเหลืออยู่', 2, 0, '2025-04-14 20:22:13'),
(4, 1, 'ล้มละลาย?', '“แล้วเราจะล้มละลายใช่ไหม?”\n\nในขณะที่เรียนอยู่ที่ Chatsworth House บาร์รอนวางงบการเงินไว้ในมือแล้วพูดกับคนสองคนตรงหน้าเขาว่า\n\n“แม้ว่าเราจะไม่ล้มละลาย แต่ถ้าเราไม่สามารถเอาเงินที่ลงทุนใน \'London Star\' กลับคืนมาได้ ฉันก็กลัวว่าเราจะต้องขายทรัพย์สินส่วนใหญ่ของเราเพื่อจ่ายเงินกู้ของธนาคาร เมื่อถึงเวลานั้น...”\n\nบุคคลที่พูดคุยกับบาร์รอนคือจูเลีย มัวร์ ผู้จัดการของ Cavendish Family Trust Fund ซึ่งเป็นผู้หญิงที่เปี่ยมไปด้วยเสน่ห์แห่งความเป็นผู้ใหญ่\n\nอย่างไรก็ตาม ถึงแม้ว่ายูเลียจะมีหุ่นที่ยอดเยี่ยม และสัดส่วนโค้งเว้าของเธอไม่สามารถปกปิดได้แม้จะอยู่ในชุดสูทผู้หญิง แต่บาร์รอนก็ไม่มีใจที่จะใส่ใจกับสิ่งเหล่านี้ในขณะนี้ เขาจำเป็นต้องเข้าใจสถานการณ์ที่แท้จริงของตระกูลคาเวนดิชโดยเร็วที่สุด\n\nเมื่อกล่าวเช่นนั้น เหตุผลที่คุณย่าของบาร์รอนซึ่งเป็นหญิงชราในครอบครัวมีเกียรติยศสูงส่งนั้น ส่วนหนึ่งก็เพราะว่าเธอเก่งเรื่องธุรกิจ ในช่วงเริ่มต้น หลังสงครามโลกครั้งที่ 2 เธอได้รักษาทรัพย์สินของตระกูล Cavendish ส่วนใหญ่ไว้ด้วยการเปลี่ยนแนวคิดทางธุรกิจของเธอ\n\nปู่ของบาร์รอน ซึ่งเป็นดยุคแห่งเดวอนเชียร์คนที่ 11 ต้องเผชิญกับภาษีมรดกจำนวนมหาศาลในขณะนั้น ด้วยความช่วยเหลือของหญิงชรานั้น เขาทำงานหนักเป็นเวลา 20 กว่าปีเพื่อเปิด Chatsworth House หนึ่งในซูเปอร์เอสเตทไม่กี่แห่งที่ยังคงเหลืออยู่ในอังกฤษให้สาธารณชนได้เข้าเยี่ยมชม และดำเนินกิจกรรมต่างๆ รวมถึงถ่ายทำเพื่อสร้างกำไรเพื่อนำเงินมาชำระภาษีมรดก\n\nหลายๆ คนคงเคยดูซีรีส์อังกฤษเรื่อง \"Downton Abbey\" ที่ต่อมาโด่งดังมาก และพวกเขาก็คงประทับใจ Downton Abbey ในซีรีส์ทีวีเรื่องนี้\n\nแต่ Chatsworth Estate ซึ่งเป็นของตระกูล Duke of Devonshire ครอบคลุมพื้นที่ 35,000 เอเคอร์ สิ่งนี้หมายถึงอะไร?\n\nมีขนาดใหญ่กว่าปราสาท Highclere ซึ่งเป็นสถานที่ถ่ายทำภาพยนตร์เรื่อง Downton Abbey ถึง 7 เท่า และมีขนาดเท่ากับครึ่งหนึ่งของลอนดอน!\nจึงกล่าวได้ว่า Chatsworth House มีขนาดใหญ่กว่าคฤหาสน์อันโอ่อ่าใน “Downton Abbey” มาก ดังนั้นเมื่อเปิดแล้ว ก็จะนำประโยชน์มาสู่ครอบครัวด้วยเช่นกัน\n\nแม้กระนั้นทั้งครอบครัวก็ได้กำไรเพียงเล็กน้อยเท่านั้น เพียงพอที่จะดำรงชีวิตอยู่ได้\n\nเนื่องจากนอกเหนือจาก Chatsworth House แล้ว ครอบครัวนี้ยังมีคฤหาสน์อีกสองแห่งและที่ดินที่อยู่ติดกันในไอร์แลนด์เหนือและสกอตแลนด์...\n\nหลังจากเข้าสู่ยุคใหม่ ผลผลิตจากคฤหาสน์และที่ดินเหล่านี้ไม่สามารถถูกครอบครัวหนึ่งผลาญไปอย่างง่ายดายเหมือนแต่ก่อนได้อีกต่อไป\n\nยิ่งไปกว่านั้น ค่าซ่อมแซมและบำรุงรักษาคฤหาสน์เหล่านี้ประจำปีก็สูงลิบลิ่ว...\n\nนับตั้งแต่สงครามโลกครั้งที่สอง ขุนนางจำนวนนับไม่ถ้วนล้มละลาย และไม่สามารถรักษาวิถีชีวิตหรูหราเดิมของตนไว้ได้ ทำให้ต้องใช้ชีวิตอย่างยากจน ในปัจจุบันมีครอบครัวที่สามารถสืบสาน “รูปแบบชนชั้นสูง” แบบดั้งเดิมได้น้อยลงเรื่อยๆ\n\nตระกูลขุนนางที่สามารถอยู่รอดได้ก็มีการลงทุนในอุตสาหกรรมอื่นและสามารถดึงกำไรกลับมาลงทุนในอุตสาหกรรมดั้งเดิมได้... ยิ่งไปกว่านั้น นโยบายของรัฐกลับไม่เป็นมิตรต่อชนชั้นขุนนางมากขึ้น และทั้งการเก็บภาษีและนโยบายต่างๆ ก็ได้ทำให้ผลประโยชน์ของชนชั้นขุนนางอ่อนแอลงทั้งโดยตั้งใจและไม่ได้ตั้งใจ\n\nดังนั้นครอบครัว Cavendish จึงได้พยายามที่จะลงทุนในอุตสาหกรรมที่เพิ่งเกิดใหม่บางแห่งในภายหลัง แต่น่าเสียดายที่ดูเหมือนว่าปู่และพ่อของ Barron ดูเหมือนจะไม่มีความสามารถในการลงทุนในอุตสาหกรรมที่เพิ่งเกิดใหม่ที่แข็งแกร่งนัก และกลับต้องประสบกับความสูญเสียมากมาย ทั้งเล็กและใหญ่\n\nอย่างไรก็ตาม หากเป็นเช่นนั้น ครอบครัว Cavendish อาจจะไม่ตกอยู่ในสถานการณ์เดียวกับ Barron ในปัจจุบัน\n\nปัญหาคือบิดาผู้ล่วงลับของเขาเชื่อในเรื่องการได้รับ “ผลตอบแทนสูง” จึงนำทรัพย์สินของครอบครัวจำนวนมากไปจำนองและนำไปลงทุนในบริษัทลงทุนที่ชื่อว่า “London Star”\n\nใช่ คุณพูดถูก สิ่งที่เรียกกันว่า \"London Star\" นี้เป็นโครงการ Ponzi แบบเต็มรูปแบบ\n\nในตอนแรก Old Cavendish ไม่ได้เข้าไปเกี่ยวข้องลึกซึ้งมากนัก เขาเพิ่งลงทุนเงินจำนวนเล็กน้อยเพื่อทดลองใช้... \nแต่นั่นคือสิ่งที่โครงการ Ponzi ทำ ในช่วงเริ่มแรกผู้ใช้งานจะได้รับผลตอบแทนที่สูงมากจากกองทุนของลูกค้าในภายหลัง... สิ่งนี้ทำให้ความมั่นใจของ Cavendish คนเก่าค่อย ๆ แข็งแกร่งขึ้น นอกจากนี้ อุตสาหกรรมแบบดั้งเดิมที่ได้รับผลกระทบจากฟองสบู่อินเตอร์เน็ตเมื่อ 2 ปีก่อนก็ได้รับผลกระทบหนักเช่นกัน\n\nด้วยเหตุนี้ นายคาเวนดิชผู้เฒ่าจึงเริ่มเพิ่มการลงทุนใน \"ลอนดอนสตาร์\" อย่างต่อเนื่อง เมื่อเผชิญกับความคาดหวังผลตอบแทนที่สูง เขายังจำนองทรัพย์สินของครอบครัวจำนวนมากและนำไปลงทุนใน \"โครงการพอนซี\" โดยการกู้ยืมเงินจากธนาคาร...\n\nลองจินตนาการดูว่าเกิดอะไรขึ้นต่อจากนั้น เมื่อเดือนที่แล้ว \"London Star\" หยุดจ่ายเงินปันผล และคำขอแลกรับของผู้ใช้หลายรายก็ถูกระงับชั่วคราวเช่นกัน\n\nขณะนี้คาเวนดิชผู้เฒ่ากำลังอยู่ในอาการตื่นตระหนก... หากได้รับการยืนยันจริงๆ ว่า \"ลอนดอนสตาร์\" เป็นการหลอกลวง ครอบครัวทั้งหมดก็คงจะตกลงไปในเหว...\n\nดังนั้น เขาจึงวิ่งวุ่นหาเรื่องนี้ตลอดช่วงเวลานี้ แต่ผลกระทบมีจำกัด และ \"ลอนดอนสตาร์\" ก็ยังล่มสลาย!\n\nการพาพี่ชายคนโตของแบร์รอนไปลอนดอนครั้งนี้ก็เพราะว่าคาเวนดิชผู้เฒ่าต้องการอาศัยความสัมพันธ์ครั้งก่อนของครอบครัวเพื่อไปพบกับ \"บุคคลทรงอิทธิพล\" ในลอนดอน และอย่างน้อยก็พยายามเอาเงินส่วนหนึ่งที่ลงทุนใน \"ลอนดอนสตาร์\" กลับคืนมา...\n\nฉันคิดว่าผลลัพธ์คงจะไม่น่าพอใจนัก ในขณะนี้ เงินของอีกฝ่ายยกเว้นเงินที่ถูกใช้ไปอย่างสุรุ่ยสุร่ายและส่งคืนให้กับนักลงทุนในช่วงแรกจะถูกโอนเกือบทั้งหมดภายในหนึ่งเดือน\n\nแล้วตอนนี้เกิดอุบัติเหตุรถยนต์ขึ้น!\nบางทีการที่ยายของเขาเสียชีวิตกะทันหันอาจไม่ใช่แค่เพราะการตายของคาเวนดิชผู้เฒ่าและลูกชายคนโตของเขาเท่านั้น แต่ยังเป็นเพราะอีกฝ่ายรู้เรื่องราวภายในที่เกี่ยวข้องด้วย\n\nแต่คนตายก็หายไปแล้ว และตอนนี้ บารอนเป็นผู้ต้องเผชิญกับความยุ่งวุ่นวายนี้!\nอย่าลืมว่าทรัพย์สินจำนวนมากในกองทุนครอบครัว รวมถึง Chatsworth Manor ที่เขาอาศัยอยู่ปัจจุบัน ก็ได้รับการจำนองไว้กับธนาคารแล้ว เมื่อไม่สามารถชำระคืนเงินกู้เหล่านั้นได้ ฉันกลัวว่าบาร์รอน ดยุคที่เพิ่งได้รับการแต่งตั้งใหม่ จะถูกขับไล่ออกจากที่ดินของตระกูลและกลายเป็นตัวตลกในอังกฤษไปทั้งประเทศ...\n\nเขาไม่อยากให้ผลงานของตัวเองปรากฏขึ้นเมื่อคนอื่นค้นหาคำว่า \"ดยุคที่น่าสมเพชที่สุดในอังกฤษ\"... มันจะแย่เกินไป!\n\n“คุณมัวร์ โปรดให้แคตตาล็อกของกองทุนทรัสต์ครอบครัวปัจจุบันแก่ฉันด้วย ฉันต้องการทราบว่าทรัพย์สินใดที่ถูกจำนองไว้และไม่สามารถใช้ได้ และทรัพย์สินใดที่สามารถขายเพื่อแลกกับเงิน...”\n\nบาร์รอนเคาะโต๊ะแล้วพูดกับคนสองคนที่ยืนอยู่ตรงหน้าเขาว่า\n“และบัตเลอร์ ฌอน ฉันต้องการแคตตาล็อกที่ระบุทรัพย์สินของครอบครัวนอกเหนือจากกองทุนทรัสต์ครอบครัวด้วย...”\n\nแม้ว่าทรัพย์สินส่วนใหญ่ของครอบครัวจะถูกโอนเข้ากองทุนทรัสต์ครอบครัวแล้ว แต่ยังมีทรัพย์สินบางส่วนที่อยู่ภายใต้ชื่อของครอบครัวโดยตรง และบาร์รอนจำเป็นต้องเข้าใจสิ่งเหล่านี้อย่างชัดเจน\n\n\"โอเค ขอรับท่านลอร์ด\"\n\nจูเลีย มัวร์ เห็นด้วยกับคำพูดของแบร์รอนอย่างเต็มใจ\n\nแต่บัตเลอร์ ฌอน ลังเลอยู่ครู่หนึ่ง ราวกับว่าเขาอยากจะพูดบางอย่าง...\n\n\"ทำไม บัตเลอร์ ฌอน คุณมีอะไรจะพูดล่ะ\"\n\n“ท่านอาจารย์ ข้าพเจ้าทราบว่าในสถานการณ์ปัจจุบัน การขายทรัพย์สินบางส่วนเป็นทางเลือกสุดท้าย แต่ว่า...”', 4, 0, '2025-04-14 21:29:14'),
(5, 1, 'ต้องแบกรับภาระ', 'ในประเทศอังกฤษ ทายาทได้รับอนุญาตให้ขายทรัพย์สินที่ได้รับมรดกบางส่วนเพื่อจ่ายภาษีมรดก\n\nอย่างไรก็ตาม เมื่อขุนนางจำนวนมากต้องเผชิญกับภาษีมรดกจำนวนมหาศาล การขายทรัพย์สินจำนวนมากเพื่อจ่ายภาษีมรดกจึงเป็นการตัดสินใจที่ยากลำบากมาก\n\nเนื่องจากการศึกษาที่ขุนนางเหล่านี้ได้รับตั้งแต่วัยเด็กแตกต่างจากการศึกษาที่พลเรือนทั่วไปได้รับ ในครอบครัวขุนนาง การศึกษาบุตรหลานจะเน้นย้ำถึงความรับผิดชอบต่อครอบครัวโดยรวมมากขึ้น\n\nกล่าวอีกนัยหนึ่ง กรรมสิทธิ์และทรัพย์สินที่คุณได้รับจะเป็นของคุณ แต่ไม่ใช่ทั้งหมด เนื่องจากทั้งกรรมสิทธิ์และทรัพย์สินของครอบครัวนั้นสะสมมาจากรุ่นสู่รุ่น ฉะนั้นเมื่อคุณได้รับสิ่งเหล่านี้แล้ว คุณยังต้องรับผิดชอบตามไปด้วย\n\nหากจะสวมมงกุฎก็ต้องแบกรับน้ำหนักของมัน!\nนี่เป็นสาเหตุที่ปู่ของบาร์รอนต้องเผชิญภาษีมรดกสูงถึง 7 ล้านปอนด์ จึงขายทรัพย์สินเพียงส่วนเล็กน้อยเท่านั้น ซึ่งส่วนใหญ่เป็นที่ดิน เพื่อจ่ายภาษีมรดก เขาเต็มใจที่จะใช้เวลา 24 ปีข้างหน้าทำงานทุกวันเพื่อชำระภาษีมรดกที่ค้างชำระ และท้ายที่สุดก็รักษาธุรกิจของครอบครัวไว้ให้ได้มากที่สุด\n\nเพราะการเติบโตในตระกูลเช่นนี้ ความสำเร็จที่ดยุคแต่ละรุ่นได้รับ ซึ่งเป็นความรุ่งโรจน์ที่ส่องประกายในประวัติศาสตร์อังกฤษ ล้วนเป็นความรับผิดชอบที่ทายาทของตระกูลนี้ต้องแบกรับ พวกเขาจะต้องไม่ทำให้ตระกูลเสื่อมเสียชื่อเสียง พวกเขาจะต้องไม่ปล่อยให้ตระกูลแตกแยก!\n\nสิ่งเหล่านี้อาจกล่าวได้ว่าเป็นความเชื่อที่ฝังแน่นอยู่ในสายเลือดของสมาชิกทุกคนในครอบครัว รวมถึงบัตเลอร์ ฌอน ที่รับใช้ครอบครัวมาเป็นเวลากว่า 40 ปี ฉันเกรงว่าในใจของเขา เขาจะมองว่าเกียรติยศของตระกูลดยุคแห่งเดวอนเชียร์สำคัญกว่าชีวิตของเขาเอง\n\nเพราะฌอนไม่เพียงแต่เป็นผู้ดูแลครอบครัวทั้งครอบครัวเท่านั้น แต่เขายังรับตำแหน่งผู้ดูแลครอบครัวต่อจากพ่อของเขาอีกด้วย อาจกล่าวได้ว่าครอบครัวของพวกเขารับใช้ตระกูล Duke of Devonshire มาตลอดชีวิตถึงสามชั่วรุ่น และพวกเขาก็ถือว่าตัวเองเป็นส่วนหนึ่งของครอบครัวมานานแล้ว\n\nนี่คือเหตุผลที่บัตเลอร์ฌอนพูดเรื่องนี้กับแบร์รอนในเวลานี้\n\nตัวอย่างเช่น จูเลีย มัวร์ ถึงแม้ว่าเธอจะทำหน้าที่เป็นผู้จัดการกองทุนครอบครัวและมีความสัมพันธ์ใกล้ชิดกับครอบครัวของดยุคแห่งเดวอนเชียร์ แต่ความรู้สึกที่เธอมีต่อครอบครัวนี้ก็ไม่ได้ยิ่งใหญ่ไปกว่าบัตเลอร์ ฌอนเลย\n\nสำหรับจูเลีย แม้ว่าเธอจะมีความหวังว่าครอบครัวคาเวนดิชจะฟื้นคืนได้ แต่ในการวิเคราะห์ขั้นสุดท้าย การใช้และทิศทางการบริหารจัดการกองทุนทรัสต์ของครอบครัวจะต้องตัดสินใจโดยทายาทของครอบครัว แม้ว่าเธอจะไม่เห็นด้วยกับคำสั่งในใจของบารอน แต่เธอก็จะปฏิบัติตาม\n\nแต่สามารถพูดได้ว่าบาร์รอนเติบโตขึ้นมาภายใต้การดูแลของบัตเลอร์ฌอน และบัตเลอร์ฌอนก็รู้จักตัวละครและความสามารถของเขาดีกว่า\n\nนอกเหนือจากสถานการณ์อันวิกฤตที่ครอบครัวต้องเผชิญในขณะนั้น เขาไม่ต้องการให้ทรัพย์สินของครอบครัวส่วนใหญ่ตกอยู่ในมือของแบร์รอน ดังนั้น หลังจากที่ลังเลอยู่ เขาก็ยังคงแสดงความกังวลอยู่\n\n“บัตเลอร์ฌอน ถึงแม้ว่าคุณจะเป็นบัตเลอร์ แต่จริงๆ แล้ว ฉันถือว่าคุณเป็นพี่ของฉัน ดังนั้น ฉันหวังว่าคุณจะเชื่อฉันว่าทุกสิ่งที่ฉันทำก็เพื่อรักษาความมั่งคั่งของครอบครัวไว้”\n\nบาร์รอนรู้ว่าเขาเป็นคนแบบไหนเมื่อเทียบกับบรรพบุรุษของเขา และเขาคาดการณ์ไว้แล้วว่าจะเผชิญกับการต่อต้านอย่างไรในการใช้เงินหลังจากรับช่วงต่อจากครอบครัว\n\nในเวลานี้ เขาจ้องไปที่บัตเลอร์ฌอนโดยตรงและพูดกับเขาอย่างจริงใจว่า\n\n“บางทีการแสดงครั้งก่อนของฉันอาจทำให้คุณขาดความมั่นใจ แต่เป็นเพราะพี่ชายของฉันจะทำหน้าที่ทายาทได้ดี และฉันไม่จำเป็นต้องรับผิดชอบมากเกินไป แต่ตอนนี้มันแตกต่างออกไป ในเวลานี้ เราทุกคนมีเป้าหมายเดียวกัน ดังนั้น ฉันหวังว่าคุณจะไว้ใจฉันได้และช่วยฉันผ่านวิกฤตนี้ไปได้”\n\nพูดตรงๆ ว่าในขณะนี้ บาร์รอนรู้สึกแปลกไปเล็กน้อยในสายตาของบัตเลอร์ ฌอน แม้ว่าเขาจะเฝ้าดูอีกฝ่ายเติบโตขึ้น แต่ลักษณะนิสัยที่บาร์รอนแสดงออกมาในขณะนี้แตกต่างอย่างสิ้นเชิงจากชายหนุ่มที่เรียกได้ว่าเป็นเพลย์บอยหรือหนุ่มเจ้าชู้\n\nการค้นพบนี้ทำให้บัตเลอร์ฌอนประหลาดใจ และในเวลาเดียวกันเขาก็รู้สึกคาดหวังเช่นกัน\n\nชายหนุ่มตรงหน้าเขาจะสามารถนำตระกูลคาเวนดิชกลับสู่ความรุ่งโรจน์ได้จริงหรือ?\n\nในทางสติปัญญา บัตเลอร์ ฌอน รู้สึกว่าความเป็นไปได้นี้ไม่น่าจะเกิดขึ้นได้ แต่บ่อยครั้งในเวลานี้ผู้คนมักจะมีความหวังให้ปาฏิหาริย์เกิดขึ้นมากขึ้น\n\n“ฉันจะทำรายการให้คุณ อาจารย์บารอน...”\n\nในที่สุดบัตเลอร์ ฌอน ก็อยากจะลองดู\n\n- \nหลังจากมาถึงคฤหาสน์ บาร์รอนก็สัมผัสได้ถึงการบริการที่เหล่าขุนนางได้รับเป็นครั้งแรก\n\nเอาจริงๆ ตอนแรกก็รู้สึกไม่สบายนิดหน่อย แต่พอชินแล้วก็รู้สึกดีขึ้นมากครับ\n\nเช่นเดียวกับในชีวิตก่อนของเขา เขาไม่เคยจินตนาการได้เลยว่าจะต้องพึ่งพาคนอื่นมาช่วยสวมเสื้อผ้า ติดกระดุม และจัดเสื้อผ้าให้เรียบร้อย\n\nแต่ที่นี่ทั้งหมดจะมีพนักงานดูแลส่วนตัวเป็นคนทำ\n\nคุณเพียงแค่ยื่นมือออกไปและอีกคนก็จะช่วยคุณใส่เสื้อผ้า พวกเขาจะยืนอยู่ที่นั่นและช่วยคุณจัดเสื้อผ้าให้เรียบร้อย มันก็เหมือนกับการยื่นมือออกไปเพื่อขอเสื้อผ้า\n\nจากคนในครอบครัว... แน่นอนว่ามันต่างจากที่หลายๆ คนจินตนาการไว้ ในตระกูลขุนนางดั้งเดิม - แน่นอนว่าเป็นตระกูลที่มีขนาดไม่ใหญ่นัก งานต่างๆ เหล่านี้จะทำโดยคนรับใช้ชายคนพิเศษ และโดยปกติแล้วจะไม่มีสาวใช้ส่วนตัวคอยให้บริการสมาชิกชายในครอบครัว\n\nโดยทั่วไปแล้ว สาวใช้ส่วนตัวที่เป็นผู้หญิงจะคอยให้บริการสมาชิกที่เป็นผู้หญิง และคนรับใช้ส่วนตัวที่เป็นผู้ชายจะคอยให้บริการสมาชิกที่เป็นผู้ชาย\n\nอย่างไรก็ตาม สำหรับครอบครัว การมีคนรับใช้เพิ่มอีกคนหนึ่งนั้นไม่ใช่เรื่องง่ายเหมือนกับการมีอาหารอีกมื้อหนึ่งอย่างแน่นอน มันต้องมีเงินเดือนและการรักษาที่เกี่ยวข้องบางอย่าง ดังนั้น เว้นแต่ครอบครัวจะมีขนาดเท่าใดนัก การมีคนรับใช้ส่วนตัวแบบเต็มเวลาโดยเฉพาะก็ยังถือเป็นเรื่องฟุ่มเฟือยอยู่ดี\n\n“อาจารย์ เราสูญเสียเงินเยอะมากไหม?”\n\nหลังจากช่วยบาร์รอนจัดเสื้อผ้าให้เรียบร้อย ราโมสก็ยืนอยู่ข้างหลังเขาและถามด้วยความลังเลเล็กน้อย\n\n“คุณได้ยินสิ่งที่คนอื่นพูดไหม?”\n\nบาร์รอนหันกลับมามองราโมสและถาม\n\n“ใช่ คนรับใช้บางคนกำลังพูดถึงเรื่องนั้น และทุกคนก็กังวลเล็กน้อย”\n\nบารอนคาดหวังเรื่องทั้งหมดนี้ไว้ บางทีราโมสอาจถามคำถามนี้ไม่เพียงเพราะเขาอยากรู้เท่านั้น แต่ยังเป็นเพราะมีคนจำนวนมากที่ต้องการยืนยันข่าวลือนี้ผ่านเขาด้วย\n\nนับตั้งแต่ศตวรรษที่แล้ว คนรับใช้ในตระกูลขุนนางมีความเป็นอิสระในระดับหนึ่ง ไม่ได้หมายความว่าคนรับใช้ทุกคนในครอบครัวจะต้องเป็นคนในครอบครัวนั้น\n\nแต่เป็นความสัมพันธ์การจ้างงานภายในครอบครัวเดียวกันมากกว่า หากคนรับใช้ทำผิด สิ่งที่คุณทำได้มากที่สุดคือไล่เขาออก หรือถ้าเป็นความผิดพลาดร้ายแรง ให้โทรหาตำรวจ ไม่มีอะไรที่เรียกว่าการประชาทัณฑ์\n\nถึงแม้พวกเขาจะเรียกว่าคนรับใช้ แต่จริงๆ แล้วมันเป็นเพียงแค่หน้าที่การงานของพวกเขาเท่านั้น ท้ายที่สุดแล้ว พวกเขาได้รับเงินเดือนเพื่อเลี้ยงชีพ ดังนั้น จึงเป็นเรื่องปกติมากที่พวกเขาจะ “เปลี่ยนงาน” เมื่อพวกเขาพบงานที่ดีกว่า\n\nในครอบครัวเช่นนี้ มักไม่มีความลับใดๆ โดยเฉพาะระหว่างคนรับใช้ ซึ่งข่าวสารมักแพร่กระจายไปอย่างรวดเร็วมาก\n\nเราทุกคนพยายามที่จะหาเลี้ยงชีพ และหากสถานที่แห่งนี้ต้องทรุดโทรมลง ทุกคนคงอยากจะหาทางออกอื่นโดยเร็วที่สุด\n\n“รามอส ตอนนี้มีเรื่องยากลำบากอยู่บ้าง แต่ผมเชื่อว่าเราจะผ่านมันไปได้ มันไม่ได้ราบรื่นเสมอไปใช่ไหม”', 5, 0, '2025-04-14 21:29:39'),
(6, 1, 'รายงานข่าว', 'ในสมัยก่อนในคฤหาสน์ขุนนาง นายและคนรับใช้จะอาศัยอยู่สองส่วน คือ ชั้นบนและชั้นล่างตามลำดับ พื้นที่ทั้งสองถูกแบ่งออกเป็นพื้นที่นั่งเล่นของเจ้านายและพื้นที่ห้องนั่งเล่นของคนรับใช้ โดยทั้งสองพื้นที่แยกออกจากกันอย่างชัดเจน\n\nโดยทั่วไปแล้วคนรับใช้ในครัวจะไม่ได้รับอนุญาตให้ปรากฏตัวในห้องนั่งเล่นหากไม่ได้รับคำสั่งจากเจ้านาย\n\nสมาชิกในครอบครัวมักจะไม่ไปที่ที่มีคนรับใช้อาศัยอยู่ เพราะจะถือเป็นการไม่เคารพอย่างยิ่ง\n\nหากเจ้านายต้องการเรียกคนรับใช้มาทำอะไร เขาก็จะทำโดยการกดกริ่ง...\n\nเช่นเดียวกับการชมภาพยนตร์และรายการทีวีเกี่ยวกับขุนนางสมัยก่อนหลายๆ เรื่อง เราจะเห็นบ่อยครั้งที่เจ้านายจะกดกริ่งปลุกหลังจากลุกขึ้นจากเตียง และกริ่งของคนรับใช้ก็จะดังขึ้น ซึ่งหมายถึงการเรียกของเจ้านาย\n\nจวบจนปัจจุบันนี้ ตระกูลขุนนางหลายตระกูลยังคงรักษาประเพณีนี้ไว้\n\nความแตกต่างเล็กน้อยเพียงอย่างเดียวก็คือ ในสมัยก่อน การส่งสัญญาณระฆังเหล่านั้นจะดำเนินการโดยผ่านโครงสร้างทางกลไก แต่ในสังคมสมัยใหม่พวกมันกลับกลายเป็นกระดิ่งไฟฟ้าไปหมด\n\nผ่านทางราโมส บาร์รอนก็เข้าใจอารมณ์ที่ไม่สบายใจเล็กน้อยของคนรับใช้ในครอบครัวของเขาได้คร่าวๆ แต่เขาไม่สนใจมันในตอนนี้\n\nในความเป็นจริงแล้ว ยกเว้นคนไม่กี่คน เช่น พ่อบ้านฌอน และแม่บ้านไรลีย์ ซึ่งรับใช้ตระกูลคาเวนดิชมาแล้วสองหรือสามชั่วรุ่น คนรับใช้ในคฤหาสน์ส่วนใหญ่เป็นเพียงลูกจ้างเท่านั้น\n\nในเวลานั้นความคิดของบาร์รอนเรียบง่ายมาก อาจไม่ใช่ความคิดที่เลวร้ายที่จะใช้ประโยชน์จากสถานการณ์ปัจจุบันและปล่อยให้คนรับใช้บางคนที่มุ่งมั่นน้อยกว่าออกไป\n\nยิ่งกว่านั้น คนรับใช้กว่าสามสิบคนนั้นมากเกินไปจริงๆ...\n\n\"ท่านบารอน นี่คือรายการทรัพย์สินที่เราถือครองโดยตรง ซึ่งส่วนใหญ่ไม่ได้จำนอง...\"\n\nบัตเลอร์ ฌอน เคลื่อนไหวอย่างรวดเร็ว หลังจากที่บารอนกินอาหารเช้าในตอนเช้า เขาได้ส่งรายการทรัพย์สินที่เขาได้นับให้เขาแล้ว\n\nบารอนหยิบแคตตาล็อกขึ้นมาดู ถอนหายใจ แล้วพูดว่า\n\"ดูเหมือนว่าสถานการณ์ของครอบครัวจะไม่ดีเลย...\"\n\nใช่แล้ว รวมถึงสินทรัพย์ของคฤหาสน์และเงินทุนที่จำเป็นสำหรับการดำเนินงานประจำวัน ส่วนใหญ่ก็ถูกโอนมาผ่านกองทุนครอบครัว\n\nด้วยวิธีนี้ สินทรัพย์ที่ครอบครัวถืออยู่โดยตรงในเวลานี้ นอกจากเงินสดจำนวนเล็กน้อยแล้ว ยังมีเพียงเครื่องประดับและเสื้อผ้าบางส่วนเท่านั้นซึ่งไม่ง่ายที่จะขาย\n\nแน่นอนว่าหลังจากที่สะสมกันมาเป็นเวลานานหลายร้อยปี โดยเฉพาะอย่างยิ่งเนื่องจากตระกูลเดวอนเชียร์เคยมี \"ขุนนางคนเดียว\" ที่หลงใหลในงานศิลปะ ดังนั้นจึงอาจกล่าวได้ว่าคอลเลกชันของพวกเขานั้นมีมากมายมหาศาล\n\nเช่นเดียวกับดยุคที่ 11 ภาพวาดของ Rembrandt และ Raphael ที่เขาขายเพื่อเสียภาษีมรดกนั้นเป็นเพียงส่วนเล็ก ๆ ในคอลเลกชันของครอบครัวเขาเท่านั้น เขายังมีภาพวาดของ Rembrandt จำนวนมากและภาพวาดของ Raphael อีกมากกว่าสิบภาพ ซึ่งยังแสดงถึงมรดกของตระกูล Devonshire อีกด้วย\n\nดูเหมือนว่าครอบครัวของพวกเขาจะต้องเผชิญกับการล้มละลาย แต่เพียงมูลค่าของงานศิลปะเหล่านี้ก็เพียงพอที่จะช่วยให้ครอบครัวดำเนินต่อไปได้!\n\nแต่บารอนก็รู้เช่นกันว่าการขายงานศิลปะเหล่านี้ในตอนนี้เป็นเรื่องไม่ฉลาดนัก เนื่องจากราคาของคอลเลกชันเหล่านี้ในตอนนี้สูงกว่าในอนาคตมาก ซึ่งอาจสูงถึงสิบเท่าหรือหลายสิบเท่าก็ได้ เขาจะไม่ขายคอลเลกชันเหล่านี้เว้นแต่ว่าเขาไม่มีทางเลือกอื่น\n\nแต่ตอนนี้ บาร์รอนจำเป็นต้อง \"ช่วยครอบครัว\" หรืออย่างน้อยก็ทำให้ครอบครัวกลับมาดำเนินงานตามปกติ ซึ่งต้องใช้เงินทุนอย่างน้อย 35 ล้านปอนด์ กล่าวได้ว่าเครื่องประดับธรรมดาและรายการอื่น ๆ ในแค็ตตาล็อกแม้จะขายหมดก็จะไม่เกิน 500,000 ปอนด์ ซึ่งถือเป็นเพียงหยดน้ำในทะเลเท่านั้น\n\nยิ่งไปกว่านั้น เมื่อพิจารณาถึงสถานการณ์ปัจจุบัน หากพวกเขาขายเครื่องประดับและสิ่งของอื่นๆ ออกไป ก็อาจขายได้ราคาไม่ดีนัก หากข่าวนี้แพร่ออกไป ผู้คนคงจะตระหนักมากขึ้นว่าครอบครัวคาเวนดิชอยู่ในสถานการณ์ที่เลวร้ายที่สุด\n\nแต่ไม่นานความกังวลของบาร์รอนก็ดูไม่สำคัญอีกต่อไป เพราะเมื่อคนรับใช้ของเขา ราโมส นำหนังสือพิมพ์ฉบับวันนี้มาด้วยสีหน้าจริงจัง บาร์รอนเห็นรายงานเกี่ยวกับหนังสือพิมพ์ฉบับนั้น และอดไม่ได้ที่จะขมวดคิ้ว!\nเพราะในหนังสือพิมพ์หลายฉบับวันนี้มีรายงานเกี่ยวกับตระกูลของดยุคแห่งเดวอนเชียร์!\n\nแน่นอน เนื่องจากพ่อและพี่ชายของเขาเสียชีวิตในอุบัติเหตุทางรถยนต์ จึงมีรายงานมากมายเกี่ยวกับครอบครัวของดยุคแห่งเดวอนเชียร์ ซึ่งเป็นหนึ่งในตระกูลดยุคไม่กี่ตระกูลที่เหลืออยู่ในอังกฤษ ในระหว่างงานศพและช่วงเวลาก่อนหน้านั้น\n\nแต่ความแตกต่างก็คือ รายงานของวันนี้ล้วนมุ่งเน้นไปที่สถานการณ์เศรษฐกิจของตระกูลดยุคแห่งเดวอนเชียร์เท่านั้น!\n\nรายงานเกือบทั้งหมดชี้ให้เห็นว่าครอบครัวของดยุกแห่งเดวอนเชียร์ได้ลงทุนเงินจำนวนมหาศาลในคดีฉ้อโกง \"London Star\" ที่เพิ่งเกิดขึ้น\n\nแม้แต่หนังสือพิมพ์ยังมีการเปิดเผยว่าทรัพย์สินจำนวนมากในกองทุนครอบครัวของพวกเขาถูกจำนองไว้กับธนาคาร เมื่อพวกเขาไม่สามารถชำระคืนทรัพย์สินได้เนื่องจากการสูญเสียครั้งใหญ่ ทรัพย์สินส่วนใหญ่ของครอบครัวก็จะถูกยึดคืนโดยการบังคับ! \nเรียกได้ว่าข่าวแบบนี้คงจะทำให้ครอบครัวของพวกเขากลายเป็นประเด็นร้อนในอนาคตอันใกล้นี้ และจะทำให้สถานการณ์ของพวกเขาลำบากยิ่งขึ้นไปอีก\n\nขณะที่บารอนกำลังสงสัยว่าทำไมรายงานเหล่านี้จึงปรากฏขึ้นทันใดนั้น โทรศัพท์มือถือของเขาก็ดังขึ้น คือจูเลีย มัวร์ ผู้จัดการกองทุนครอบครัว\n\n“ลอร์ดบารอน ท่านได้เห็นรายงานในหนังสือพิมพ์หรือยัง?”\n\n\"ผมเพิ่งเห็นครับคุณมัวร์\"\n\n“สถานการณ์ไม่ดีเลย รายงานที่กะทันหันนี้ส่งผลกระทบต่อเราอย่างมาก”\n\nเมื่อได้ยินคำพูดของยูเลีย บาร์รอนก็ขมวดคิ้วอีกครั้ง:\n\n\"เกิดอะไรขึ้น?\"\n\n“เป็นทางธนาคารครับ ธนาคารที่เรากู้สินเชื่อมาก่อนหน้านี้ติดต่อมาหาผมเพื่อหวังว่าจะชี้แจงได้ว่าผมมีความสามารถในการชำระหนี้หรือไม่”\n\nในขณะนี้ บาร์รอนเหลือบมองไปที่ฌอนและราโมส บัตเลอร์ในห้อง และถามด้วยเสียงต่ำ\n“มันไม่ควรเป็นแบบนี้ ตอนที่กู้เงินมา มีกำหนดระยะเวลาแน่นอน ทำไมพวกเขาถึงรีบร้อนตอนนี้”\n\n\"ถึงได้โทรมาสอบถามเฉยๆ แต่ก็ต้องบอกว่ามันเป็นการกดดันไปในตัวแล้ว\"\n\n“มีข่าวคราวอะไรเกี่ยวกับรายงานนี้บ้างไหม? ทำไมจู่ๆ จึงมีรายงานแบบนี้เกิดขึ้น?”\n\nมีบางอย่างผิดปกติจริงๆ เพราะแม้ว่าครอบครัวของดยุคแห่งเดวอนเชียร์จะมีตำแหน่งสูงสุดรองจากราชวงศ์ แต่ครอบครัวของพวกเขากลับถูกมองว่าเป็นคนระดับต่ำ นอกเหนือจากอุบัติเหตุรถยนต์เมื่อเร็วๆ นี้ รายงานขนาดใหญ่ครั้งก่อนก็เกิดขึ้นเมื่อเกือบครึ่งศตวรรษก่อน ซึ่งปู่ของเขาต้องเผชิญกับภาษีมรดกที่สูงและเกือบจะสืบทอดธุรกิจของครอบครัวไม่ได้\n\nแต่หลังจากงานศพ การสูญเสียการลงทุนของพวกเขากลับมีรายงานในปริมาณที่มากอย่างกะทันหัน และอาจมีสาเหตุที่ไม่ทราบสาเหตุเบื้องหลัง\n\n“ฉันยังได้ขอให้ใครบางคนช่วยสืบหาข่าวนี้ด้วย ข่าวนี้ถูกนำเสนอครั้งแรกโดยแท็บลอยด์ของลอนดอน ซึ่งรายงานเรื่องนี้เมื่อวานนี้ ต่อมาได้รับความสนใจจากหนังสือพิมพ์อื่นๆ ดังนั้นรายงานของวันนี้จึงปรากฏว่า...”\n\n“หากคุณมีเวลา คุณมาวันนี้ได้ไหม คุณมัวร์ ฉันอยากคุยเรื่องกองทุนทรัสต์ของครอบครัวกับคุณ”\n\n“ตกลงครับท่านลอร์ด ผมจะไปหาท่านในช่วงบ่าย และท่านก็ต้องตั้งใจฟังด้วย นักข่าวหลายคนอาจจะมาที่คฤหาสน์ในอนาคตอันใกล้นี้ หรืออาจจะไปสัมภาษณ์โดยตรงเลยก็ได้”\n\nหลังจากวางสายแล้ว บาร์รอนก็วางเรื่องรายงานของหนังสือพิมพ์ไว้ก่อนชั่วคราว แม้ว่ารายงานเหล่านี้จะมีผลกระทบต่อเขา แต่ตอนนี้เขามีเรื่องที่สำคัญกว่าที่ต้องจัดการ\n\nในการวิเคราะห์ขั้นสุดท้าย ตราบใดที่ปัญหาการจัดหาเงินทุนได้รับการแก้ไข ไม่ว่าจะมีการสมคบคิดหรือกลอุบายใดๆ ก็ตาม ในที่สุดแล้วกำลังก็จะเอาชนะกลอุบายได้!\n\nอย่างไรก็ตาม เมื่อพิจารณาถึงแหล่งเงินทุนของครอบครัวเดวอนเชียร์แล้ว ก็ยังไม่ถึงจุดสิ้นสุดดังที่รายงานไว้\n\nในชีวิตก่อนหน้านี้ บาร์รอนทำงานในอุตสาหกรรมการเงินเป็นเวลาหลายปีและได้ทำการวิจัยเชิงลึกเกี่ยวกับตลาดต่างประเทศ\n\nลอนดอนซึ่งเป็นหนึ่งในศูนย์กลางการเงินของโลกก็เป็นจุดที่เขาสามารถใช้ประโยชน์ได้ในเวลานี้\n\nใช่แล้ว แม้ว่าเขาจะ “เกิดใหม่” และไม่ได้มาอยู่ในตระกูลของดยุค แต่เขาก็มั่นใจว่าเขาสามารถสร้างชื่อเสียงให้กับตัวเองได้จากประสบการณ์ในชีวิตที่ผ่านมาของเขา\n\nและในความเป็นจริง สินทรัพย์ที่แท้จริงของครอบครัวในเวลานี้ก็มีมากกว่าสิ่งที่เรียกว่า “หนี้สิน” มาก!\nเพียงแต่เศรษฐกิจโลกยังไม่เริ่มฟื้นตัว ทำให้ราคาขายสินทรัพย์หลายรายการจึงต่ำกว่ามูลค่าที่แท้จริงมาก\n\nเมื่อคิดถึงเรื่องนี้ หัวใจของแบร์รอนก็สั่นไหว - หรือว่าจะมีใครกำลังจับตามองทรัพย์สินของตระกูลคาเวนดิชอยู่?', 6, 0, '2025-04-14 21:40:08'),
(7, 1, 'การลดขนาด', 'หากบารอนได้รับเวลาเพียงพอ เขาก็มั่นใจว่าด้วยทุนเริ่มต้นจำนวนหนึ่ง เขาสามารถสร้างรายได้เพียงพอในตลาดทุนเพื่อประหยัดสินทรัพย์ของครอบครัวได้!\nแต่ตอนนี้ดูเหมือนว่าฉันยังต้องเร่งดำเนินการให้เร็วขึ้น ดังนั้นจำนวนเงินทุนเริ่มแรกจึงมีความสำคัญมากกว่า\n\nนี่คือสิ่งที่เขาทำอยู่ในตอนนี้ คือพยายามระดมทุนให้ได้มากที่สุดเท่าที่จะเป็นไปได้สำหรับใช้เอง\n\nในเวลานี้มีโอกาสการลงทุนทางการเงินค่อนข้างมาก\n\nเช่น ราคาน้ำมันในตลาดโลกเริ่มปรับตัวสูงขึ้นตั้งแต่ปลายปีที่แล้ว\n\nราคาน้ำมันดิบในตลาดโลก ณ ปัจจุบันอยู่ที่ประมาณ 25 เหรียญสหรัฐฯ ต่อบาร์เรล แม้ว่าในอนาคตจะมีขึ้นมีลง แต่โดยทั่วไปแล้วจะอยู่ในช่องทางขาขึ้น จนกระทั่งกลางเดือนกรกฎาคม พ.ศ. 2551 ราคาน้ำมันในตลาดโลกพุ่งสูงถึงเกือบ 150 ดอลลาร์สหรัฐต่อบาร์เรล\n\nอาจกล่าวได้ว่าเป็นโอกาสขาขึ้นในระยะยาว แต่ในระยะสั้น หากเราต้องการแก้ปัญหาการระดมทุนในปัจจุบัน เราจำเป็นต้องมีวิธีที่เร็วกว่านี้ในการบรรลุผลลัพธ์\n\n“ท่านบารอน มีบางอย่างที่ท่านต้องตัดสินใจ”\n\nในเวลานี้ ฌอน พ่อบ้านพูดกับแบร์รอนว่า\n“มันเป็นเรื่องของการจัดการคนรับใช้ ตอนนี้มีคนรับใช้ส่วนตัวเพิ่มขึ้นอีกสามคนในครอบครัว นอกจากนี้ ด้วยสถานการณ์ปัจจุบันของเรา ฉันกลัวว่าการจัดการคนรับใช้ก่อนหน้านี้ก็อาจปรับเปลี่ยนได้เช่นกัน ซึ่งจะช่วยประหยัดค่าใช้จ่ายได้มาก...”\n\nสิ่งที่ฌอน พ่อบ้านหมายความก็คือ หลังจากพ่อ พี่ชายคนโต และคุณย่าของแบร์รอนเสียชีวิต คนรับใช้ส่วนตัวของทั้งสามคนก็ไม่จำเป็นอีกต่อไป\n\nและตอนนี้ บาร์รอนเป็นสมาชิกคนเดียวที่เหลืออยู่ในตระกูลคาเวนดิช ซึ่งหมายความว่าเขาเป็นเจ้านายคนเดียวที่เหลืออยู่ในคฤหาสน์แห่งนี้ ดังนั้นจำนวนคนรับใช้เดิมกว่า 30 คนจึงดูเหมือนจะมากเกินไปและสามารถปรับให้เป็นระบบได้\n\nอย่างไรก็ตาม ในฐานะพ่อบ้าน ฌอนจะต้องให้ความสำคัญกับครอบครัวของเจ้านายเป็นอันดับแรก\n\nเมื่อพูดถึงเรื่องนี้ เราต้องมาพูดถึงรูปแบบทั่วไปของคนรับใช้ในตระกูลขุนนางกันบ้าง\n\nโดยทั่วไปในครอบครัวขุนนางแบบดั้งเดิมจะมีพ่อบ้านที่เป็นหัวหน้าคนรับใช้ทุกคน\n\nเช่นเดียวกับในตระกูลคาเวนดิช พ่อบ้านก็คือฌอน ซึ่งปกติแล้วสามารถเรียกเขาว่าพ่อบ้านได้โดยตรง เขาจะเป็นผู้รับผิดชอบในการประสานงานกิจการของทั้งครอบครัวและเก็บของมีค่าบางอย่าง เช่น ห้องเก็บไวน์และภาชนะใส่อาหารที่ทำด้วยเงิน...\n\nนอกจากนี้ยังมีแม่บ้านซึ่งจะรับผิดชอบหลักในการดูแลคนรับใช้ในบ้าน นอกจากจะทำหน้าที่เป็นผู้ช่วยพ่อบ้านแล้ว เธอยังรับผิดชอบในการกำกับดูแลการจัดระเบียบและการทำความสะอาดบ้านอีกด้วย\n\nในครอบครัวคาเวนดิช แม่บ้านมีชื่อว่าไรลีย์ และเธอทำหน้าที่เป็นแม่บ้านของครอบครัวมาตั้งแต่รุ่นแม่ของเธอ\n\nแล้วก็มีพ่อครัวซึ่งมีหน้าที่รับผิดชอบงานในครัว โดยทั่วไปแล้ว พ่อครัว พ่อบ้าน และแม่บ้าน ล้วนเป็นคนรับใช้ระดับสูง\n\nพ่อครัวคือผู้มีอำนาจสูงสุดในห้องครัว ตัวอย่างเช่น ในงานเลี้ยงบางครอบครัว พ่อครัวมีสิทธิ์ที่จะปฏิเสธคำขอใดๆ ที่สั่งอาหารนอกเหนือจากเมนูที่ได้กำหนดไว้ล่วงหน้า\n\nแล้วก็มีแม่บ้านส่วนตัวและพนักงานรับจอดรถส่วนตัว สาวใช้ส่วนตัวคือคนรับใช้ที่อยู่กับสมาชิกหญิงและคอยดูแลชีวิตประจำวันของพวกเธอ คนรับใช้ส่วนตัวคือคนรับใช้ที่อยู่กับสมาชิกชายและคอยดูแลชีวิตประจำวันของพวกเขา\n\nส่วนคนรับใช้ชายและหญิงอื่นๆ หากมีมากกว่า 2 คน ก็จะมีระดับต่างๆ เช่น คนรับใช้หัวหน้า คนรับใช้คนแรก เป็นต้น\n\nดังนั้นจึงถือเป็นเรื่องปกติมากสำหรับครอบครัวใหญ่เช่นครอบครัวของดยุคแห่งเดวอนเชียร์ที่สมาชิกทุกคนในครอบครัวจะมีคนรับใช้ส่วนตัวเป็นของตัวเอง ก่อนที่แบร์รอนจะมาอยู่ที่ลอนดอนเป็นส่วนใหญ่ ครอบครัวของเขาก็ได้จัดหาพ่อบ้านส่วนตัวที่ชื่อราโมสให้กับเขาแล้ว\n\nบัดนี้จึงไม่จำเป็นต้องเก็บคนใช้ส่วนตัวที่ซ้ำซ้อนทั้งสามไว้อีกต่อไป ซึ่งสามารถประหยัดค่าใช้จ่ายของคฤหาสน์ได้อีกด้วย\n\nนอกจากนี้ จำนวนคนรับใช้เดิมที่มีอยู่กว่า 30 คน ก็สามารถปรับให้เหมาะสมได้อีกด้วย\n\n“ปกติก่อนหน้านี้เขาจัดการกันยังไง?”\n\nบัตเลอร์ ฌอน กล่าวหลังจากได้ยินคำถามของแบร์รอน: \n“คนเหล่านี้จะถูกไล่ออกเมื่อไม่จำเป็นต้องมีคนจำนวนมาก และการตัดสินใจจะขึ้นอยู่กับผลการปฏิบัติงานประจำวันของพวกเขา และเมื่อพวกเขาถูกไล่ออก สำหรับคนรับใช้ที่เคยทำงานหนักเพื่อครอบครัวมาก่อน เราสามารถช่วยเขียนจดหมายแนะนำสำหรับลูกค้ารายต่อไปของพวกเขา ซึ่งมักจะเป็นประโยชน์อย่างมากสำหรับการสมัครในอนาคตของพวกเขา”\n\n“เอาอย่างนี้ดีกว่า บัตเลอร์ ฌอน คุณตัดสินใจเรื่องพวกนี้ได้”\n\nบารอนโบกมือและพูดว่า\n\n“นอกจากนี้...”\n\nบัตเลอร์ ฌอน ลังเลอยู่ครู่หนึ่ง\n“แอนนา แม่บ้านส่วนตัวของหญิงชรานั้นอายุเกือบหกสิบปีแล้ว และรับใช้หญิงชรานั้นมาสี่สิบปีแล้ว... ฉันกลัวว่าเธอจะหางานทำได้ยากในวัยของเธอ...”\n\n“เราไม่สามารถใจร้ายกับคนแบบนี้ได้ คุณสามารถถามความคิดเห็นของเธอได้ ถ้าเธอยังต้องการทำงาน คุณสามารถหางานที่ง่ายกว่าให้กับเธอได้ ถ้าเธอหวังว่าจะใช้ชีวิตช่วงสุดท้ายอย่างสงบสุข เราก็สามารถแบ่งเบาภาระค่าครองชีพให้เธอได้”\n\nในตอนแรก คนรับใช้เช่นแอนนาซึ่งรับใช้ครอบครัวมาเกือบทั้งชีวิตจะได้รับเงินบำนาญจากตระกูลขุนนางที่มีเกียรติมากกว่า อย่างไรก็ตาม เมื่อระบบประกันสังคมทั้งหมดได้รับการปรับปรุง เงินบำนาญก็รวมอยู่ในเงินเดือนของพวกเขาแล้ว ดังนั้นที่บารอนพูดก็คือการให้เงินอุดหนุนเพิ่มเติมแก่อีกฝ่ายหนึ่งนอกเหนือจากเงินบำนาญ\n\n“คุณใจดีมากเลยครับท่านบารอน พระเจ้าจะอวยพรคุณ”\n\nเดิมทีพ่อบ้านฌอนค่อนข้างกังวลใจเล็กน้อย โดยอิงจากความเข้าใจของเขาเกี่ยวกับอาจารย์บารอนก่อนหน้านี้ เขาคิดว่าอีกฝ่ายคงจะไม่ใจดีนัก หลังจากที่บารอนพูดเช่นนี้ เขาก็ไม่ลังเลที่จะชื่นชมเขาเลย และยังคงรู้สึกซาบซึ้งใจมาก\n\n“ลองดูรายการทรัพย์สินนี้สิ ถ้าคุณไม่ขายเครื่องประดับและของเก่าเหล่านั้น คุณจะได้เงินสดเท่าไร”\n\nบาร์รอนถามพร้อมกับส่งรายการทรัพย์สินที่ครอบครัวของเขาเป็นเจ้าของโดยตรงซึ่งบัตเลอร์ ฌอนมอบให้เขาคืนมา\n\n\"ตามความเห็นของฉัน ใช้ได้มากที่สุดแค่ 100,000 ปอนด์เท่านั้น...\"\n\nเมื่อได้ยินตัวเลขนี้ บารอนก็ถอนหายใจ ทรัพย์สินของครอบครัวเขาส่วนใหญ่ถูกโอนเข้ากองทุนทรัสต์ของครอบครัว และเขาเชื่อว่าเงินสดส่วนหนึ่งของทรัพย์สินที่ถืออยู่เดิมนั้นจะต้องถูกนำไปลงทุนในโครงการฉ้อโกง \"London Star\" อย่างหลีกเลี่ยงไม่ได้...\n\nจนถึงตอนนี้ ส่วนทรัพย์สินนี้ยังคงเป็นแบบเดียวกับที่บัตเลอร์ ฌอน บอกกับเขา นั่นคือให้เอาเงิน 100,000 ปอนด์ให้บาร์รอนลงทุน\n\nแต่เป็นเรื่องยากอย่างยิ่งหรือแทบจะเป็นไปไม่ได้เลยที่จะได้เงิน 35 ล้านปอนด์ที่วางแผนไว้กลับคืนสู่ตลาดทุน\n\nแม้ว่าบารอนจะเคยมีประสบการณ์จากชีวิตก่อนหน้านี้ แต่สำหรับตลาดทุนในปัจจุบัน เขาสามารถจดจำได้เพียงบางโหนดสำคัญเท่านั้น เขาไม่สามารถจดจำแนวโน้มราคาของผลิตภัณฑ์การลงทุนทั้งหมดได้\n\nเมื่อเห็นสีหน้าเศร้าเล็กน้อยของบารอน บัตเลอร์ ฌอนก็พูดว่า\n\n“ท่านอาจารย์ ท่านจะใช้มันเพื่อจ่ายภาษีมรดกหรือเปล่า? อันที่จริงแล้ว ท่านสามารถขายเครื่องประดับและของเก่าชั่วคราวหรือจำนองก็ได้...”\n\n“ฉันจะลงทุนมัน ไม่เช่นนั้น ฉันจะไม่มีเงินจ่ายภาษีมรดกและเงินกู้จากธนาคาร”\n\n\"ลงทุน?!\"\n\nเมื่อได้ยินว่าบารอนจะลงทุน บัตเลอร์ฌอนก็ตกใจมาก\n“แต่ท่านอาจารย์ การลงทุนมีความเสี่ยง และมีแนวโน้มสูงมากที่เงินทั้งหมดจะสูญเปล่า...”\n\nจะเห็นได้ว่าหลังจากที่ครอบครัวสูญเสียการลงทุนใน “ลอนดอนสตาร์” ครั้งนี้ บัตเลอร์ฌอนจึงอ่อนไหวกับคำว่า “การลงทุน” เป็นพิเศษ\n\nยิ่งไปกว่านั้น ในสายตาของเขา นายน้อยที่รู้จักแต่การใช้ชีวิตอย่างเสเพล จะสามารถลงทุนได้อย่างไร... แม้แต่นายเก่าก็ยังสูญเสียเงินจำนวนมหาศาลเพราะการลงทุนนี้ ทำให้ตระกูลคาเวนดิชต้องประสบกับวิกฤตครั้งใหญ่เช่นนี้!', 7, 0, '2025-04-14 21:41:45'),
(8, 1, 'ความหงุดหงิด', '\"ฉันก็ไม่อยากให้เรื่องนี้เกิดขึ้นเหมือนกัน บัตเลอร์ ฌอน แต่ไม่มีทางอื่นแล้วใช่ไหม ในฐานะทายาทของตระกูล ฉันต้องแบกรับความรับผิดชอบของตัวเอง ซึ่งก็คือพยายามอย่างเต็มที่เพื่อรักษาทรัพย์สินของครอบครัวเอาไว้...\"\n\nแบร์รอนจ้องตาบัตเลอร์ ฌอนโดยตรงแล้วพูดอย่างจริงใจ\n\"ถ้ายังมีทางอื่นอยู่ ฉันก็ไม่อยากเสี่ยงหรอก แต่ว่ามันยากเกินไป ภายใต้สถานการณ์ปัจจุบัน ถ้าคุณอยากได้ผลลัพธ์ที่ดีที่สุด ก็ต้องเสี่ยงอยู่บ้าง แต่ฉันรับรองกับคุณได้ บัตเลอร์ ฌอน ฉันจะไม่ถอนเงินออกมาเสี่ยงมากเกินไป เงิน 100,000 ปอนด์นี้บวกกับเงินกองทุนของครอบครัวอีกนิดหน่อยก็น่าจะเพียงพอแล้ว\"\n\nท้ายที่สุดแล้ว บัตเลอร์ ฌอน มีความรู้สึกที่ลึกซึ้งต่อครอบครัวของเขาและไม่ต้องการให้ครอบครัวแตกสลาย แต่ในขณะเดียวกันเขาก็ไม่ค่อยมั่นใจในพฤติกรรมเสี่ยงของบาร์รอนมากนัก\n\nแต่ตามที่ Barron กล่าว แทบไม่มีทางออกอื่นใดอีกแล้วในตอนนี้ การขายส่วนหนึ่งของอุตสาหกรรมเป็นทางเลือกหนึ่ง แต่เมื่อต้องเผชิญกับการขาดทุนมหาศาลก่อนหน้านี้ หากพวกเขาต้องการทำเช่นนั้นจริงๆ ฉันเกรงว่าแม้แต่ Chatsworth House ก็จะรักษาไว้ได้ยาก!\n\nดังนั้นในขณะนี้ เขาจึงได้เพียงเลือกที่จะเชื่อบารอนและภาวนาในใจว่าพระเจ้าจะอวยพรตระกูลคาเวนดิช\n\n“ท่านบารอน ข้าพเจ้าจะพยายามอย่างเต็มที่เพื่อลดรายจ่ายของคฤหาสน์เช่นกัน ตลอดหลายปีที่ผ่านมา คฤหาสน์แชทส์เวิร์ธมีช่วงเวลาวิกฤตหลายครั้ง และในที่สุดเราก็สามารถคลี่คลายช่วงเวลาเหล่านั้นได้ ข้าพเจ้าหวังว่าครั้งนี้จะเป็นเช่นเดิม” “\n\nผมจะทำแน่นอน บัตเลอร์ ฌอน...”\n\nแบร์รอนไม่ปิดบังความมุ่งมั่นในดวงตาของเขา และหันไปหาบัตเลอร์แล้วพูดว่า\n\n“เอาล่ะ ฉันไม่รู้อะไรมากเกี่ยวกับกองทุนทรัสต์ของครอบครัวมาก่อนเลย ส่วนผู้จัดการกองทุน คุณมัวร์ บัตเลอร์ ฌอน คุณช่วยเล่าอะไรเกี่ยวกับเธอให้ฉันฟังอีกได้ไหม”\n\n...\n\nหากบัตเลอร์ ฌอน แค่กังวลเกี่ยวกับเจตนาของแบร์รอนที่จะนำเงินส่วนหนึ่งไปลงทุนเชิงรุกมากขึ้น...\n\nข้อเสนอของเขาจึงถูกปฏิเสธอย่างเด็ดขาดโดยนางจูเลีย มัวร์ ผู้จัดการกองทุนมรดกของครอบครัว\n\n“ท่านลอร์ดบาร์รอน ฉันต้องพูดตรงๆ นะ ถ้าคุณวางแผนจะหาเงินมาจ่ายภาษีมรดก หรือขายทรัพย์สินของครอบครัวบางส่วนเพื่อชดเชยการขาดทุนและจ่ายเงินกู้ธนาคาร ฉันจะร่วมมือกับคุณแน่นอน แต่ถ้าคุณอยากใช้เงินเพื่อการลงทุนที่มีความเสี่ยง ฉันขอโทษ ฉันทำแบบนั้นไม่ได้!”\n\nเมื่อจูเลีย มัวร์มาที่ห้องทำงานของเจ้าของคฤหาสน์แชทส์เวิร์ธอีกครั้งและเผชิญหน้ากับบาร์รอน เธอบอกสิ่งนี้โดยไม่ลังเลหลังจากรู้ความคิดของอีกฝ่าย\n\n“โอ้ คุณแน่ใจเหรอ คุณมัวร์ ถ้าอย่างนั้น ฉันอยากทราบว่าในฐานะผู้จัดการกองทุนของครอบครัว คุณตอบสนองอย่างไรต่อการลงทุนของพ่อฉันใน \'สตาร์ออฟลอนดอน\'”\n\nเมื่อได้ยินบารอนพูดถึงเรื่องนี้ สีหน้าของยูเลียก็เปลี่ยนไปอย่างเย็นชาทันที:\n\"คุณคิดว่าฉันเป็นผู้รับผิดชอบต่อการลงทุนครั้งนี้หรือไม่ ลอร์ดบารอน\"\n\n“การพูดถึงความรับผิดชอบในตอนนี้ไม่สมเหตุสมผลนัก แต่ฉันคิดว่าในฐานะผู้จัดการกองทุนครอบครัว สิ่งที่คุณต้องทำคือใช้ความรู้ทางวิชาชีพของคุณเพื่อช่วยเราจัดการธุรกิจครอบครัว แทนที่จะตัดสินใจเกี่ยวกับเรื่องนี้ ฉันรู้ว่าการลงทุนใน \'Star of London\' เป็นความคิดเห็นของพ่อของฉัน ดังนั้นคุณจึงไม่สามารถพูดได้ว่าคุณกำลังให้ความร่วมมือตามความตั้งใจในการลงทุนของเขาในเวลานั้น แต่คุณปฏิเสธความคิดเห็นในการลงทุนของฉันอย่างไม่สมเหตุสมผล!”\n\nยูเลียส่ายหัวเมื่อได้ยินคำพูดของบาร์รอน\n\n“ท่านลอร์ด ข้าพเจ้ายังคงเสียใจที่แม้ว่าข้าพเจ้าจะคัดค้านความเห็นเรื่องการลงทุนของบิดาของท่านในตอนนั้น แต่ข้าพเจ้าก็ไม่ได้ยึดมั่นในตำแหน่งของตนในที่สุด ดังนั้น ตอนนี้ ข้าพเจ้าจึงไม่สามารถทำผิดพลาดแบบเดิมได้อีก... นอกจากนี้ แม้ว่าคุณจะเป็นทายาทเพียงคนเดียวของตระกูลดยุคแห่งเดวอนเชียร์ แต่คุณยังไม่ได้สืบทอดตำแหน่งและความขยันขันแข็งในการดำเนินการของตระกูล...”\n\n“แสดงว่าตอนนี้คุณไม่เชื่อฟังคำสั่งของข้าพเจ้าแล้วใช่หรือไม่ แม้ว่าข้าพเจ้าจะเป็นทายาทเพียงคนเดียวของตระกูลก็ตาม?”\n\nบาร์รอนลุกจากที่นั่ง เดินไปข้างหน้ายูเลียด้วยใบหน้าที่ยังคงยิ้มแย้ม และพูดอย่างเบาๆ ว่า: \n“ดูเหมือนว่าคุณมัวร์ คุณไม่ค่อยมั่นใจในตัวฉันเลย หรือคุณไม่มีความมั่นใจเลยแม้แต่น้อย”\n\n“ฉันเพิ่งพูดไปว่าท่านลอร์ด ถ้าท่านต้องการจ่ายภาษีมรดกสำหรับกรรมสิทธิ์มรดกและทรัพย์สินของครอบครัว หรือหยุดการขาดทุนของครอบครัว ฉันจะร่วมมือกับท่านอย่างเต็มที่ แต่ถ้ามันเป็นการลงทุนที่เสี่ยงมากขนาดนั้น...”\n\nยูเลียไม่ได้อ่อนแอเลย เธอไม่ได้หลบสายตาของบาร์รอน\n\n“งั้นฉันจะไม่เห็นด้วย บางทีคุณอาจจะพูดถูก ฉันเคารพสถานะของคุณในฐานะทายาท แต่ในฐานะผู้จัดการกองทุนทรัสต์ของครอบครัว ฉันไม่สามารถเสี่ยงได้ แม้ว่าภายหลังคุณจะขับไล่ฉันออกจากตำแหน่งนี้ก็ตาม!”\n\nเป็นที่ชัดเจนว่าการพบกันของทั้งสองไม่ได้ผลลัพธ์ที่ทำให้บาร์รอนพอใจ และอาจกล่าวได้ว่าท้ายที่สุดแล้วพวกเขาก็แยกทางกันอย่างไม่มีความสุข\n\nแต่ก็เป็นอย่างที่จูเลียพูดไว้จริงๆ แม้ว่าแบร์รอนจะเป็นทายาทเพียงคนเดียวของตระกูลคาเวนดิช แต่เขาก็ยังไม่เสร็จสิ้นขั้นตอนในการสืบทอดตำแหน่งและทรัพย์สินของตระกูล ดังนั้น ในฐานะผู้จัดการกองทุนครอบครัว เธอสามารถเลือกที่จะเสี่ยงเพื่อร่วมมือกับการลงทุนของ Barron หรือเธอสามารถปฏิเสธคำขอของอีกฝ่ายได้ ขณะนี้ บาร์รอนไม่มีทางจัดการกับสิ่งนี้ได้\n\nจากรูปลักษณ์ของเธอ เรายังเห็นได้ว่ารูปลักษณ์ของยูเลียแตกต่างจากคนอังกฤษทั่วไป สาเหตุคือเธอมีสายเลือดสลาฟค่อนข้างมาก\n\nในการสนทนาครั้งก่อนกับบัตเลอร์ฌอน บาร์รอนยังได้เรียนรู้เพิ่มเติมเกี่ยวกับจูเลีย มัวร์ด้วย\n\nชื่อเต็มของ Yulia Moore ควรจะเป็น Yulia Shakhovskoy Moore ครอบครัวของแม่เธอมาจากรัสเซีย หลังการปฏิวัติเดือนตุลาคม พวกเขาหลบหนีจากรัสเซียซาร์ไปยังยุโรป และในที่สุดก็มาถึงอังกฤษ\n\nอาจกล่าวได้ว่าขุนนางซาร์ส่วนใหญ่ที่ลี้ภัยในเวลานั้นไม่ได้ใช้ชีวิตอย่างดีนัก ขณะเดียวกัน พวกเขาออกจากรัสเซียในสมัยซาร์อย่างเร่งรีบเกินไป นอกจากนี้ พวกเขาก็พบกับอุปสรรคมากมายระหว่างทาง รวมถึงการหลอกลวงและการปล้นสะดม ด้วยเหตุนี้ จึงมีขุนนางผู้ถูกเนรเทศเพียงไม่กี่คนเท่านั้นที่สามารถรักษาทรัพย์สินจำนวนหนึ่งเอาไว้ได้\n\nเมื่อถึงยุคของแม่ของจูเลีย แม้ว่าพวกเขาจะกลมกลืนเข้ากับสังคมอังกฤษแล้ว แต่ชีวิตครอบครัวของพวกเขาก็แทบจะเรียกได้ว่าเป็นชนชั้นกลางเท่านั้น\n\nแม่ของเธอแต่งงานกับทนายความซึ่งมีความสัมพันธ์ใกล้ชิดกับตระกูลคาเวนดิช ดังนั้นหลังจากพ่อของยูเลียเสียชีวิตจากอุบัติเหตุ ครอบครัวของยูเลียจึงได้รับความช่วยเหลือจากตระกูลคาเวนดิช อาจกล่าวได้ว่าความสามารถในการเรียนจบของ Yulia ส่วนใหญ่นั้นมาจากทุนสนับสนุนของตระกูล Cavendish\n\nความสัมพันธ์นี้เองที่ทำให้ครอบครัวเลือกจูเลีย มัวร์ ซึ่งสำเร็จการศึกษาจากมหาวิทยาลัยชื่อดังแห่งหนึ่ง ให้เป็นผู้จัดการกองทุนทรัสต์ของครอบครัว ซึ่งกองทุนดังกล่าวก็มาจากความสัมพันธ์นี้เอง\n\nแต่ในตอนนี้ดูเหมือนว่าความไว้วางใจที่ Yulia มอบให้กับ Barron จะไม่เพียงพอ\n\nด้วยวิธีนี้ ความคิดในการรับเงินจากกองทุนครอบครัวเพื่อการลงทุนจึงถูกปฏิเสธไปโดยสิ้นเชิง\n\nเงินทุนเดียวที่ Barron มีอยู่ตอนนี้คือ 100,000 ปอนด์จากทรัพย์สินที่ครอบครัวถือครองโดยตรง\n\nเว้นแต่ว่าเขาจะสามารถชำระภาษีมรดกโดยเร็วที่สุดและดำเนินขั้นตอนการรับมรดกสำหรับกรรมสิทธิ์และทรัพย์สินของตระกูลให้เสร็จสิ้น ดูเหมือนว่าจะเป็นเรื่องยากที่จะได้รับการสนับสนุนเพิ่มเติมจาก Yulia', 8, 0, '2025-04-14 21:42:14');
INSERT INTO `chapters` (`id`, `novel_id`, `title`, `content`, `chapter`, `price`, `created_at`) VALUES
(9, 1, 'การไปลอนดอน', 'บารอนนอนหลับสบายเมื่อคืนนี้ เมื่อเขาตื่นขึ้นมา เขาไม่ได้เรียกคนรับใช้ของเขา ราโมส แทนที่จะทำเช่นนั้น เขากลับอาบน้ำ แต่งตัว และเตรียมตัวไปเดินเล่นในคฤหาสน์\n\nต้องบอกว่าเมื่อพูดถึงเรื่องความสนุกสนาน ขุนนางอังกฤษมีความรู้มาก\n\nดังคำกล่าวที่ว่า เมื่อเสื้อผ้ามาถึง ให้ยื่นมือออกมา เมื่ออาหารมาถึงให้อ้าปาก\n\nจนกระทั่งศตวรรษที่ผ่านมา ในครอบครัวขุนนางแบบดั้งเดิม ผู้คนไม่จำเป็นต้องลุกจากเตียงในตอนเช้า พวกเขาเพียงต้องกดปุ่มกระดิ่งที่หัวเตียง จากนั้นคนรับใช้ส่วนตัวจะวางอาหารเช้าไว้บนโต๊ะเล็กพิเศษและนำไปส่งที่เตียงในห้องนอน\n\nกล่าวอีกนัยหนึ่ง ขุนนางสามารถเริ่มเพลิดเพลินกับอาหารเช้าได้เพียงแค่เอนตัวพิงหัวเตียง\n\nแน่นอนว่าทุกอย่างกำลังเปลี่ยนแปลง หลังจากศตวรรษใหม่ วิถีชีวิตของไม่เพียงแต่คนธรรมดาทั่วไปเท่านั้น แต่รวมถึงเหล่าขุนนางก็ประสบการเปลี่ยนแปลงอย่างมาก\n\nChatsworth สร้างขึ้นริมแม่น้ำ และสวนหลังบ้านเพียงอย่างเดียวก็ครอบคลุมพื้นที่ 150 เอเคอร์!\n\nบารอนเดินตรงผ่านเขาวงกตดอกไม้และยืนอยู่หน้าน้ำตกที่สวนหลังบ้าน เมื่อฟังเสียงน้ำไหลริน เขาก็เริ่มคิดว่าจะต้องทำอะไรต่อไป\n\nหลังการสนทนาเมื่อวานนี้ เขาได้กำหนดว่าเงินทุนที่มีอยู่ในปัจจุบันมีเพียง 100,000 ปอนด์เท่านั้น เป็นเรื่องยากมากที่จะใช้เงินจำนวนนี้ในการจัดหาเงินทั้งหมด 35 ล้านปอนด์ที่เขาต้องการในตลาดการเงินเพื่อที่จะทำให้ทรัพย์สินของตระกูลคาเวนดิชอยู่ในสภาพดี\n\nท้ายที่สุดแล้ว อัตราผลตอบแทน 350 เท่าเป็นเรื่องยากมากที่จะบรรลุได้ แม้ว่าเขายังคงมีความคิดเห็นทั่วไปเกี่ยวกับแนวโน้มราคาของผลิตภัณฑ์การลงทุนบางตัวก็ตาม ท้ายที่สุดแล้ว หน่วยความจำเหล่านี้ไม่น่าจะแม่นยำนัก และยิ่งปริมาณการหมุนเวียนของผลิตภัณฑ์การลงทุนมากขึ้น ราคาที่ผันผวนก็จะน้อยลง\n\nสำหรับหุ้นที่เรียกว่า 100 เท่าหรือ 1,000 เท่านั้น หลักการคือมูลค่าตลาดไม่มากเกินไป ซึ่งจะเผชิญกับความยากลำบากในการ \"ออกจากสนามรบ\" เช่นกัน\n\nดังนั้น หากเขาใช้เลเวอเรจที่สูงเกินไป ความผันผวนของราคาที่ไม่มากก็อาจทำให้สถานะของเขาล้มละลายได้\n\nแต่หากเราไม่ทำเช่นนี้ เราจะได้รับอัตราผลตอบแทนสูงในระยะสั้นได้อย่างไร\n\nเมื่อกล่าวเช่นนั้น ก็ยังมีความเป็นไปได้ที่จะไม่เกิดขึ้นพร้อมกันทั้งหมด ขั้นแรกคือรับเงิน ชำระภาษีมรดก และดำเนินการควบคุมกองทุนทรัสต์ครอบครัวให้เสร็จสิ้น นี่ก็เป็นทางเลือกหนึ่งเช่นกัน ท้ายที่สุดแล้ว เมื่อสิทธิในการใช้กองทุนครอบครัวได้รับการควบคุมแล้ว เขาก็สามารถรับเงินเพิ่มสำหรับใช้เองได้ตามนั้น\n\n“ท่านบารอน ท่านมาที่นี่…”\n\n“บัตเลอร์ ฌอน ท่านมาที่นี่ตั้งแต่เมื่อไหร่?”\n\n“ผ่านไปนานแล้ว แต่ผมเห็นว่าคุณคิดอยู่ ผมจึงไม่ได้รบกวนคุณ”\n\nหลังจากที่บารอนมีแผนคร่าวๆ สำหรับอนาคต เขาก็ยืนขึ้นและยืดเส้นยืดสาย เขาได้ยินเสียงของบัตเลอร์ฌอนอยู่ข้างหลังเขา และทั้งสองก็เริ่มคุยกันอย่างสบายๆ\n\nบัตเลอร์ ฌอน แต่งกายด้วยทักซิโด้แบบเป็นทางการและเน็คไทโบว์ตามปกติ และร่างกายของเขาแสดงออกถึงความพิถีพิถันในทุกรายละเอียด\n\n“อลังการมากใช่ไหมล่ะ”\n\nบาร์รอนหันกลับมาและมองไปที่วิลล่าแชทส์เวิร์ธ แสงยามเช้าสาดส่องลงมาปกคลุมมันด้วยสีชมพูทองอ่อนๆ\n\n“ใช่แล้ว ท่านบารอน ตระกูลคาเวนดิชดำเนินกิจการที่นี่มานานกว่า 400 ปีแล้ว จนกระทั่งตอนนี้ ตระกูลที่ครั้งหนึ่งเคยมีชื่อเสียงหลายตระกูลก็เสื่อมถอยลง...”\n\nบัตเลอร์ ฌอนถอนหายใจและพูดด้วยอารมณ์\n\n“ท่านบารอน ปู่ของฉันเป็นพ่อบ้านของตระกูลคาเวนดิช และพ่อของฉันก็เป็นพ่อบ้านของตระกูลคาเวนดิชด้วย ความหวังสูงสุดของฉันตั้งแต่เด็กคือการเป็นพ่อบ้านของตระกูลคาเวนดิชและปกป้องตระกูลนี้ ฉันรับใช้ในคฤหาสน์แห่งนี้มานานกว่า 40 ปีแล้ว ผืนดินทุกตารางนิ้วถูกจารึกไว้ในสายเลือดและเนื้อหนังของฉัน อาจกล่าวได้ว่าสถานที่แห่งนี้มีความสำคัญมากกว่าชีวิตของฉัน... ฉันหวังว่าเมื่อฉันหลับตาลงและขึ้นสวรรค์ตลอดไป ตระกูลคาเวนดิชจะยังคงเปล่งประกาย...”\n\nบารอนสังเกตเห็นว่าแม้ว่าบัตเลอร์ ฌอนจะยังคงดูไร้ความรู้สึกเช่นเดิม แต่ดวงตาของเขากลับแดงก่ำ ดูเหมือนเขาจะพักผ่อนได้ไม่ดีนักเมื่อคืน \n\"ผมจะทำให้ดีที่สุด บัตเลอร์ ฌอน\"\n\nเมื่อได้ยินเช่นนี้ บัตเลอร์ฌอนก็พยักหน้าและไม่พูดอะไรอีก\n\nหลังจากได้ยินข่าวเมื่อวานนี้ว่าบาร์รอนจะใช้เงิน 100,000 ปอนด์เพื่อการลงทุน แม้ว่าบัตเลอร์ ฌอนจะไม่ได้แสดงปฏิกิริยารุนแรงเท่ากับยูเลีย แต่เขาก็ได้แสดงความกังวลของเขาอย่างมีชั้นเชิงเท่านั้น\n\nแต่บารอนเข้าใจว่าถึงอย่างไรเขาก็ยังคงมีข้อสงสัยมากเกี่ยวกับพฤติกรรมการลงทุนของเขา\n\nเพราะเหตุนี้เขาจึงกลับมาใช้วิธี “ตักเตือน” อีกครั้ง\n\nบารอนไม่ได้อธิบายมากเกินไปเกี่ยวกับเรื่องนี้ เขารู้ว่าสิ่งที่เรียกว่า “ความมั่นใจ” ที่คนอื่นมีต่อตัวเขา ไม่สามารถแสดงออกมาได้ด้วยคำพูด แต่จำเป็นต้องได้รับการพิสูจน์ด้วยข้อเท็จจริงซ้ำแล้วซ้ำเล่า\n\nเพราะฉะนั้น ไม่ว่าตอนนี้เขาจะอ้างอย่างไรก็ตาม เขาก็ไม่สามารถเปลี่ยนแปลงความจริงที่ว่า \"บารอน\" คนก่อนไม่ได้ทิ้งความประทับใจอันอุ่นใจให้กับทุกคนได้ สิ่งเหล่านี้สามารถเปลี่ยนแปลงได้ผ่านความสำเร็จของตัวเขาเองในอนาคตเท่านั้น\n\n...\n\nฉันต้องบอกว่านอกเหนือจากวิกฤติการเงินในครอบครัวปัจจุบันแล้ว หากมีสิ่งใดที่บาร์รอนบ่นมากที่สุด นั่นก็คืออาหารอังกฤษ\n\nเรื่องนี้เข้าใจได้ง่าย ท้ายที่สุดแล้ว เราเดินทางมาจากประเทศจีนซึ่งมีอาหารอร่อยๆ มากมาย สู่ประเทศอันมหัศจรรย์แห่งนี้ซึ่งมี \"อาหารรสเข้ม\" อยู่ทุกหนทุกแห่ง อีกทั้งรสชาติก็ต่างกันมากเกินไป จึงคงจะปรับตัวยาก\n\nในบางช่วง บารอนก็มีความคิด \"ที่น่าตกใจ\" ในการปรุงอาหารจีนเอง ซึ่งถือเป็นการละเมิดมารยาทของชนชั้นสูงอย่างสมบูรณ์\n\nไม่ว่าจะอย่างไรก็ตาม บาร์รอนจะต้องจ้างเชฟชาวจีนเพิ่มอีกหนึ่งคนในอนาคต แต่นี่ยังเป็นเพียงรายละเอียดเล็กๆ น้อยๆ และไม่ใช่เรื่องที่จำเป็นต้องแก้ไขทันที\n\nหลังรับประทานอาหารเช้า บาร์รอนก็พาคนรับจอดรถและคนขับรถของเขา ราโมส ขับรถโรลส์-รอยซ์ และเตรียมตัวเดินทางไปลอนดอน\n\n“บัตเลอร์ ฌอน ฉันฝากเรื่องคฤหาสน์ไว้กับคุณ ฉันจะกลับมาโดยเร็วที่สุด”\n\nเมื่อกล่าวคำอำลาพ่อบ้าน ท่าทีของอีกฝ่ายก็ยังคงเคร่งขรึมอยู่เล็กน้อย:\n\"นายน้อย ข้ายังคงคิดว่านั่งรถไฟไปลอนดอนดีกว่า... หรือให้ริชาร์ดไปกับท่านด้วย\"\n\nอาจเป็นอุบัติเหตุรถยนต์ครั้งก่อนระหว่างดยุคผู้เฒ่ากับนายน้อยคนโตที่ทำให้บัตเลอร์ฌอนยังคงมีความกังวลเกี่ยวกับการเดินทางด้วยรถยนต์ของแบร์รอนไปลอนดอนครั้งนี้ หากคฤหาสน์ไม่สามารถอยู่ได้หากไม่มีเขา ฉันเกรงว่าบัตเลอร์ฌอนคงอยากไปกับคุณชายน้อยเอง\n\n“อย่ากังวลเลย บัตเลอร์ ฌอน เราจะไปแล้ว ถ้ามีปัญหาอะไรก็โทรหาฉันได้เลย”\n\nหลังจากที่สามารถโน้มน้าวฝ่ายอื่นได้ในที่สุด บาร์รอนก็โบกมือให้เขาและขึ้นไปที่เบาะหลังของรถ\n\nวันนี้คือวันที่ 30 พฤษภาคม และเป็นเวลา 10 วันแล้วนับตั้งแต่บาร์รอนมาเยือนโลกนี้\n\nระหว่างทางไปลอนดอน บาร์รอนซึ่งพกเงินจำนวน 100,000 ปอนด์มาด้วยก็เริ่มคิดเกี่ยวกับแผนต่อไปของเขาแล้ว\n\nทุกสิ่งทุกอย่างเริ่มต้นตั้งแต่วันพรุ่งนี้ -\n\nเพราะวันพรุ่งนี้คือวันที่ 31 พฤษภาคม ซึ่งเป็นเวลาที่ฟุตบอลโลกจะเริ่มต้นขึ้นด้วย!', 9, 0, '2025-04-15 02:02:40'),
(10, 1, 'ไม่เป็นที่นิยม?', 'ในความเป็นจริง แนวคิดเดิมของแบร์รอนคือการระดมเงินมากกว่า 2 ล้านปอนด์จากครอบครัว เพื่อที่เขาจะได้เงินกลับมามากกว่า 35 ล้านปอนด์ผ่านตลาดทุนภายในครึ่งปีเพื่อช่วยเหลือครอบครัวของดยุคแห่งเดวอนเชียร์\n\nแต่ความจริงก็คือเงินทุนที่เขาสามารถใช้ได้ในปัจจุบันเป็นเพียงส่วนเล็กน้อยของสินทรัพย์ที่ครอบครัวถืออยู่โดยตรงเป็นเงินสดเท่านั้น ซึ่งมีเพียง 100,000 ปอนด์เท่านั้น\n\nด้วยเงินทุนจำนวนนี้ การจะบรรลุเป้าหมายในระยะสั้นเป็นเรื่องยาก แม้ว่าคุณจะลงทุนในบริษัทสตาร์ทอัพและทำธุรกิจร่วมทุน เช่น บริษัทอินเทอร์เน็ตอย่าง Google และ Facebook เป็นตัวอย่าง นับตั้งแต่เริ่มก่อตั้งจนกระทั่งสามารถปิดตัวลงจากการร่วมทุนได้สำเร็จโดยใช้เวลาเพียงร้อยเท่า แต่บ่อยครั้งที่ความสำเร็จนั้นไม่ได้เกิดขึ้นภายในเวลาเพียงปีหรือสองปี\n\nในที่สุด บาร์รอนก็เหลือทางเลือกเพียงทางเดียว นั่นคือเพิ่มเงิน 100,000 ปอนด์ของเขาให้ได้มากที่สุดโดยการเดิมพันฟุตบอลโลก\n\nจริงๆ แล้วเรื่องนี้ไม่ใช่เรื่องยากที่จะคิดถึง ในที่สุดฟุตบอลโลกก็ใกล้จะเปิดฉากแล้ว ในศึกอาซาฮีเวิลด์คัพครั้งนี้ มีเพียงทีมชาติอังกฤษเท่านั้นที่ผ่านเข้าสู่รอบชิงชนะเลิศในหมู่เกาะอังกฤษ\n\nเนื่องจากเป็นหนึ่งในประเทศที่คลั่งไคล้ฟุตบอล จึงมีรายงานเกี่ยวกับฟุตบอลโลกมากมายในหนังสือพิมพ์ช่วงหลังๆ เพราะฉะนั้นผู้ที่เกิดใหม่จึงมักคิดถึงการหาเงินผ่านการพนันอยู่เสมอ\n\nนอกจากนี้ Asahi World Cup เองก็เหมาะมากสำหรับให้ Barron เลือกเดิมพัน ในทางหนึ่ง ในชีวิตก่อนหน้านี้ของเขา ฟุตบอลโลกครั้งนี้เป็นที่คุ้นเคยสำหรับชาวจีนมาก ไม่เพียงแต่เป็นการแข่งขันฟุตบอลโลกที่บ้านเท่านั้น แต่เวลาเริ่มการแข่งขันยังเป็นมิตรกับชาวจีนมากอีกด้วย นอกจากนี้ เนื่องจากฟุตบอลโลกครั้งนี้เป็นครั้งเดียวที่ทีมชาติจีนเข้ารอบชิงชนะเลิศ พวกเขาจึงคุ้นเคยกับผลการแข่งขันมากกว่าฟุตบอลโลกครั้งอื่นๆ\n\nและในการวิเคราะห์ขั้นสุดท้าย เมื่อต้องเดิมพันฟุตบอลโลก ทีมที่ด้อยกว่ามักจะได้อัตราต่อรองที่สูงกว่า ด้วยเหตุผลที่ทราบกันดี ทำให้มีเรื่องพลิกผันมากมายในฟุตบอลโลกครั้งนี้ อย่างน้อยที่สุด แค่เดิมพันกับเกมของเกาหลีใต้ก็เพียงพอแล้ว เนื่องจากประเทศปกติทั่วไปมักจะไม่ใช้ \"ความได้เปรียบในบ้าน\" มากจนเกินไปเช่นนี้\n\n...\n\nการเดิมพันการแข่งขันฟุตบอลได้รับความนิยมอย่างมากในสหราชอาณาจักร อย่างไรก็ตาม William Hill ซึ่งเป็นบริษัทที่มีชื่อเสียงในอุตสาหกรรมเดิมพันกีฬา ถือเป็นบริษัทสัญชาติอังกฤษ\n\nนอกเหนือจากบริษัทนี้แล้ว บริษัทการพนันที่ทรงพลังอื่น ๆ อีกมากมายยังมีสถานีพนันหลายแห่งในลอนดอน ดังนั้นจึงสะดวกมากสำหรับการเดิมพัน\n\nหลังจากมาถึงลอนดอน บาร์รอนก็ไปที่อพาร์ตเมนต์ของเขา\n\nอพาร์ทเมนต์ของบาร์รอนในลอนดอนก็เป็นส่วนหนึ่งของธุรกิจของครอบครัวด้วย อย่างไรก็ตาม ครอบครัวของดยุคแห่งเดวอนเชียร์ก็เป็นขุนนางอังกฤษแบบโบราณ แม้ว่าความแข็งแกร่งทางเศรษฐกิจโดยรวมของครอบครัวในขณะนี้จะอ่อนแอเล็กน้อย แต่บรรพบุรุษของพวกเขาก็ยังคงร่ำรวย ดังนั้นจึงถือเป็นเรื่องปกติมากที่พวกเขาจะเป็นเจ้าของที่อยู่อาศัยในลอนดอน\n\nแน่นอนว่าในแง่นี้ ก็ยังด้อยกว่าดยุคแห่งเวสต์มินสเตอร์ ซึ่งเป็นตระกูลดยุคเช่นกัน และอ้างว่าเป็นเจ้าของลอนดอนครึ่งหนึ่ง\n\nหลังจากกลับมาที่ลอนดอน บาร์รอนก็อดไม่ได้ที่จะคิดถึงหญิงสาวในห้องโรงแรมเมื่อเขามายังเวลาและอวกาศนี้เป็นครั้งแรก\n\nในเวลานั้น เขาเพียงรู้สึกว่าอีกฝ่ายดูคุ้นเคยมาก แต่เพราะเขาเพิ่ง “มาที่นี่” และตกใจมาก เขาจึงไม่ได้คิดอะไรมากนัก\n\nแต่เมื่อเขาได้พบกับมกุฏราชกุมารแห่งเวลส์ในวันนั้นที่งานศพของครอบครัว เขาก็ตระหนักทันทีว่าหญิงสาวที่เคยมีความสัมพันธ์เพียงคืนเดียวกับอดีตมกุฏราชกุมารของเขา แท้จริงแล้วคือเจ้าหญิงแคเธอร์ในอนาคต!\n\nการค้นพบนี้ทำให้บารอนประหลาดใจ แม้ว่าเขาจะไม่รู้มากนักเกี่ยวกับราชวงศ์อังกฤษในชีวิตก่อนหน้านี้ แต่การแต่งงานของแคเธอรีนกับเจ้าชายก็ถือเป็นเรื่องที่น่าตื่นเต้นในสมัยนั้น ในเวลานั้นอินเตอร์เน็ตได้รับความนิยมเป็นอย่างมากแล้ว ดังนั้นเขาจึงอ่านรายงานที่เกี่ยวข้องมากมาย\n\nถ้าฉันจำไม่ผิด ตอนนั้นแคเธอรีนน่าจะเรียนอยู่ที่มหาวิทยาลัยเซนต์แอนดรูส์ในสกอตแลนด์ และได้พบกับเจ้าชายแล้ว เธอไปปรากฏตัวที่ไนท์คลับในลอนดอนและมี \"มิตรภาพ\" กับ...ผู้เป็นอดีตคนรักของเธอได้อย่างไรในขณะที่เมาอยู่? \nเนื่องจากเขาไม่สามารถคิดออก บาร์รอนจึงหยุดคิดเกี่ยวกับเรื่องนั้น ท้ายที่สุดแล้ว หากประวัติศาสตร์ได้พัฒนาไปในลักษณะนี้ เก้าปีต่อมา หญิงสาวก็คงได้แต่งงานเข้าสู่ราชวงศ์และกลายเป็นเจ้าหญิงแคเธอร์\n\nยิ่งไปกว่านั้น เหตุการณ์ครั้งนี้เองก็เป็นการพบกันอันโรแมนติกจากชีวิตก่อนของเขาด้วย อย่างมากเขาก็เห็นอีกฝ่ายด้วยตาตัวเอง สิ่งที่สำคัญที่สุดสำหรับเขาตอนนี้คือการคิดว่าจะหาเงินอย่างไรต่อไป\n\nอังกฤษยังมีประเพณีมากมายเกี่ยวกับการเสียชีวิตของญาติพี่น้องอีกด้วย แม้จะไม่เกินจริงเหมือนช่วงไว้ทุกข์สามปีในจีนโบราณ แต่โดยทั่วไปเมื่อเป็นเด็ก พวกเขาจะไม่เข้าร่วมงานปาร์ตี้และกิจกรรมบันเทิงต่างๆ เป็นเวลาหลายเดือนถึงครึ่งปี...\n\nแน่นอนว่าในปัจจุบัน ข้อจำกัดดังกล่าวลดน้อยลงเรื่อยๆ แต่คราวนี้ เมื่อบาร์รอนมาถึงลอนดอน เขายังคงมีบุคลิกเรียบง่ายมาก เขาขอให้ราโมสช่วยซื้อรายงานข่าวล่าสุดเกี่ยวกับฟุตบอลโลกและยังค้นหาข้อมูลเกี่ยวกับอาซาฮีเวิลด์คัพครั้งนี้ทางอินเทอร์เน็ตด้วย\n\nพรุ่งนี้วันที่ 31 พฤษภาคม จะเป็นวันเปิดการแข่งขัน Asahi World Cup เกมเปิดสนามของวันคือระหว่างฝรั่งเศส เจ้าภาพฟุตบอลโลกครั้งก่อน พบกับเซเนกัล\n\nเมื่อเห็นตารางการแข่งขันนี้ ดวงตาของบาร์รอนก็เป็นประกาย เพราะเขารู้ดีว่าในแมตช์นี้ ทีมเจ้าภาพฟุตบอลโลกครั้งล่าสุดและแชมป์ในที่สุดอย่างทีมฝรั่งเศสเป็นฝ่ายพ่ายแพ้!\nบารอนจึงรีบเช็คอัตราต่อรองของเกมนี้ทันที ซึ่งทำให้เขาพอใจ\n\nเนื่องจากเกมนี้ อัตราต่อรองหลักคือฝรั่งเศสจะชนะที่ 1:1.2 และเซเนกัลจะชนะที่ 1:15!\n\nนั่นคือถ้าคุณเดิมพัน 100 ปอนด์ให้ทีมฝรั่งเศสชนะ คุณจะได้ 120 ปอนด์ในที่สุด และชนะ... 20 ปอนด์\n\nแต่ถ้าคุณเดิมพัน 100 ปอนด์ให้เซเนกัลชนะ ในที่สุดคุณจะได้ 1,500 ปอนด์!\n\nจากอัตราต่อรอง เรายังเห็นได้ว่าคนส่วนใหญ่มีความหวังเป็นอย่างยิ่งว่าทีมฝรั่งเศสจะชนะ เรื่องนี้ไม่น่าแปลกใจเลย อย่างไรก็ตาม ทีมฝรั่งเศสคือทีมที่ชนะการแข่งขันฟุตบอลโลกครั้งล่าสุด แม้ว่าความแปลกประหลาดบางอย่างในรอบชิงชนะเลิศกับบราซิลจะถูกกล่าวถึงอีกหลายปีต่อมา แต่ความแข็งแกร่งของทีมฝรั่งเศสนั้นไม่ต้องสงสัยเลย\n\nนักเตะฝรั่งเศสที่เข้าร่วมการแข่งขันอาซาฮีเวิลด์คัพครั้งนี้ส่วนใหญ่เป็นนักเตะจากฟุตบอลโลกครั้งที่แล้ว แม้แต่ในเกมวันพรุ่งนี้ ก็มีแนวโน้มสูงมากที่ซีดานซึ่งเป็นจิตวิญญาณของทีมฝรั่งเศสอาจไม่สามารถลงเล่นได้ แต่แล้วเซเนกัลล่ะ? เมื่อพูดถึงประเทศนี้ ฉันกลัวว่าหลายๆ คนคงไม่รู้ว่ามันตั้งอยู่ในแอฟริกาตะวันตก ถ้ามองในแง่ความนิยมก็ยังตามหลังทีมฝรั่งเศสอยู่มาก\n\nฟุตบอลโลกครั้งนี้มันพิเศษจริงๆ มีการพลิกสถานการณ์ครั้งใหญ่ในแมตช์เปิดสนามซึ่งยังบ่งบอกถึงความไม่ธรรมดาของฟุตบอลโลกครั้งนี้ด้วย\n\nหลังจากยืนยันเรื่องนี้แล้ว บารอนก็เริ่มตื่นเต้น\n\nขณะนี้เขามีเงิน 100,000 ปอนด์อยู่ในมือ และเขาต้องการเดิมพันเงิน 100,000 ปอนด์ทั้งหมดให้เซเนกัลได้รับชัยชนะในแมตช์เปิดฤดูกาลพรุ่งนี้ทันที\n\nแต่หลังจากสูดหายใจเข้าลึกๆ เขาก็พยายามระงับแรงกระตุ้นเอาไว้\n\nอย่างไรก็ตาม แม้ว่าเขาจะมีความประทับใจอย่างลึกซึ้งเกี่ยวกับเกมนี้ในชีวิตก่อน แต่เขาก็จำได้ว่าเขาและเพื่อนร่วมห้องเคยปีนข้ามกำแพงเพื่อดูเกมนี้เมื่อเขาอยู่มัธยมปลาย...\n\nแต่ถึงอย่างไร แม้ว่าจนถึงตอนนี้ ดูเหมือนว่าเวลาและพื้นที่ที่เขารู้จักจะไม่ต่างจากชีวิตก่อนของเขาเลยก็ตาม - แต่ความจริงที่ว่าบรรพบุรุษของเขามีเหตุการณ์เช่นนี้กับเจ้าหญิงแคเธอรีนในเวลาต่อมา ทำให้เขารู้สึกตื่นตัวเล็กน้อย จะเป็นอย่างไรถ้า...\nดังนั้นในท้ายที่สุดเขาจึงตัดสินใจที่จะไม่ทุ่มสุดตัวกับเกม แต่จะตรวจสอบก่อนว่าผลลัพธ์ของเกมจะเหมือนกับที่เขาจำได้หรือไม่', 10, 0, '2025-04-15 02:03:11'),
(11, 1, 'งานฉลองครบรอบ 50 ปี', 'ด้วยแนวคิดที่ปลอดภัยกว่าในใจ ในที่สุด บาร์รอนก็เอาเงินออกมาเพียง 40,000 ปอนด์เพื่อลงทุนในเกมนี้\n\nแน่นอนว่าเพื่อความปลอดภัย เขาไม่ได้เซ็นเช็คกับบริษัทการพนันโดยตรง แต่เดิมพันกับสี่บริษัทแยกกัน เพื่อไม่ให้เป็นที่สังเกตเกินไป\n\n40,000 ปอนด์ ถ้าคำนวณตามอัตราต่อรองที่เซเนกัลเอาชนะฝรั่งเศสในเวลา 1:15 นาทีเมื่อเขาซื้อตั๋ว บาร์รอนน่าจะได้โบนัส 600,000 ปอนด์ก่อนหักภาษี\n\nนี่จะทำให้ทุนของเขาเพิ่มขึ้นโดยตรงเป็นมากกว่า 600,000 ปอนด์!\nดังนั้น บาร์รอนจึงตั้งตารอนัดเปิดสนามของ อาซาฮี เวิลด์ คัพ\n\nคนรับใช้ชายในสมัยนี้ไม่เหมือนสมัยก่อนที่ขอบเขตของพวกเขาถูกจำกัดอยู่แค่กลุ่มขุนนางเท่านั้น... จริงๆ แล้วแม้แต่ในสมัยก่อน ผู้ที่สามารถรับตำแหน่งคนรับใช้ที่สำคัญในบ้านของขุนนางชั้นสูงก็ไม่ได้มาจากชั้นล่างสุดของสังคมอย่างแท้จริง เด็กๆ จำนวนมากจากครอบครัวชนชั้นกลางและแม้กระทั่งนักศึกษาบางคนก็ใช้สิ่งนี้เป็นจุดเริ่มต้นเพื่อสะสมเครือข่ายของตนเอง\n\nดังนั้นราโมสไม่ได้พูดว่าเขาไม่เข้าใจอะไรเลย เขาอยู่เคียงข้างบาร์รอนและเฝ้าดูเขาเซ็นเช็คทีละฉบับเพื่อเดิมพันเกมนี้ โดยธรรมชาติแล้วจิตใจของเขาไม่ค่อยสงบนัก\n\nท้ายที่สุดแล้วแม้คุณจะไม่ใช่แฟนบอลที่มีประสบการณ์มากนัก แต่คุณก็จะเข้าใจถึงช่องว่างระหว่างทีมฝรั่งเศสกับทีมอย่างเซเนกัลซึ่งไม่มีใครรู้จักและไม่เคยได้ยินชื่อมาก่อน เมื่อเห็นพฤติกรรมของบารอน เขาก็อดกังวลไม่ได้ เขากังวลมากว่านายน้อยขี้ตกใจคนนี้จะสูญเสียโชคลาภของครอบครัวเขาเร็วกว่าที่เขาคาดไว้\n\nบาร์รอนยังสังเกตเห็นการเปลี่ยนแปลงทางอารมณ์ของราโมส แต่เขาไม่ได้พูดอะไรกับเขาเลย\n\nเป็นหลักการเดียวกัน บางครั้งคำพูดอาจทรงพลังแต่ส่วนใหญ่มักจะไม่น่าเชื่อถือเท่ากับความสำเร็จที่เป็นรูปธรรม\n\nดังนั้นไม่ว่าเขาจะพูดอะไรเขาก็ไม่สามารถทำให้คนอื่นเปลี่ยนใจได้ก่อนที่ผลจะเปิดเผย\n\nยิ่งกว่านั้น ในฐานะขุนนางผู้สูงศักดิ์ เขาไม่จำเป็นต้องเสียเวลาพูดคุยกับอีกฝ่ายมากเกินไปในเวลานี้ ให้ทุกคนทำหน้าที่ของตนให้ดีก็พอแล้ว\n\n“\n\nท่านบารอน เสื้อผ้าของท่านถูกส่งมาแล้ว ท่านสามารถลองสวมดูได้เลย”\n\nในอพาร์ทเมนท์ที่ลอนดอน ราโมสหยิบเสื้อผ้าหลายชุดออกมาแล้ววางไว้ตรงหน้าเขา\n\nเมื่อครั้งนี้ที่บาร์รอนมาลอนดอน นอกจากจะต้องวางเดิมพันอาซาฮีเวิลด์คัพแล้ว เขายังมีเรื่องสำคัญอีกอย่างที่ต้องทำ นั่นก็คือการเข้าร่วมงานเฉลิมฉลองครบรอบ 50 ปีของราชินี\n\nวันที่ 2 มิถุนายน ปีนี้ ถือเป็นวันครบรอบ 50 ปีการขึ้นครองราชย์ของราชินี และอังกฤษทั้งประเทศจะเฉลิมฉลองด้วย \"การเฉลิมฉลองครบรอบ 50 ปี\"\n\nอย่างไรก็ตามตั้งแต่ต้นเดือนพฤษภาคมเป็นต้นมา กิจกรรมการเฉลิมฉลองนี้ได้มีขึ้นมากมาย รถบัสสีทองที่เตรียมไว้เพื่อการเฉลิมฉลองเริ่มปรากฏให้เห็นตามท้องถนนในลอนดอน...\n\nเนื่องจากเป็นหนึ่งในดยุคที่ไม่ใช่ราชวงศ์เพียงยี่สิบคนที่เหลืออยู่ในอังกฤษ ราชวงศ์เดวอนเชียร์จึงได้รับคำเชิญจากราชวงศ์ให้เข้าร่วมกิจกรรมบางอย่างของ \"การเฉลิมฉลองครบรอบ 50 ปี\" ครั้งนี้แล้ว\n\nเดิมที พ่อและพี่ชายของแบร์รอนได้รับเชิญ แต่เนื่องจากพวกเขาเสียชีวิตกะทันหันจากอุบัติเหตุ บาร์รอน คาเวนดิช ซึ่งเป็นทายาทเพียงคนเดียวของตระกูลดยุคแห่งเดวอนเชียร์ในขณะนั้น จึงต้องเป็นตัวแทนของตระกูลเพื่อเข้าร่วมงานเฉลิมฉลองนี้\n\nตามประเพณีในอดีต บาร์รอนควรหลีกเลี่ยงการเข้าร่วมกิจกรรมความบันเทิงบางอย่างเมื่อญาติเพิ่งเสียชีวิต แต่สามารถทำข้อยกเว้นได้หากมีงานสำคัญที่เขาจำเป็นต้องเข้าร่วม\n\nและเมื่อถึงศตวรรษใหม่ แรงกดดันจากการจำกัดนี้ก็อ่อนลงมาก และการเฉลิมฉลองนี้ยังคงมีความสำคัญมากสำหรับบาร์รอนและแม้แต่ครอบครัวของดยุคแห่งเดวอนเชียร์ด้วยซ้ำ\n\nก่อนอื่น บาร์รอนเป็นทายาทเพียงคนเดียวของดยุคแห่งเดวอนเชียร์ แต่เขาก็ยังไม่เสร็จสิ้นกระบวนการสืบทอดตำแหน่งและตำแหน่ง ดังนั้นการปรากฏตัวของเขาในงานเฉลิมฉลองเช่นนี้จึงเป็นการปรากฏตัวที่มีความหมายอย่างยิ่งสำหรับดยุกแห่งเดวอนเชียร์ทั้งมวล\n\nยิ่งไปกว่านั้น ในมุมมองของผู้จัดการกองทุนครอบครัว จูเลีย และบัตเลอร์ ฌอน ครอบครัวโคเวนดิชกำลังประสบปัญหาใหญ่แล้ว บารอนเป็นตัวแทนของครอบครัวที่จะเข้าร่วมการเฉลิมฉลองการครองราชย์ครบ 50 ปีของราชินีและดูว่าเขาจะได้รับความช่วยเหลือจากราชวงศ์หรือตระกูลขุนนางอื่นๆ ในเวลานั้นได้หรือไม่\n\nอย่างไรก็ตาม ปัจจุบันนี้ มีราชวงศ์ที่ไม่ใช่ดยุกเหลืออยู่ในโลกเพียง 20 กว่าราชวงศ์เท่านั้น ดังนั้นจึงเป็นเรื่องธรรมดาที่ราชวงศ์เหล่านี้จะต้องช่วยเหลือซึ่งกันและกัน \nเนื่องจากบุคคลที่เข้าร่วมงานเฉลิมฉลองการครองราชย์ครบ 50 ปีของครอบครัวดยุคแห่งเดวอนเชียร์ ถูกแทนที่โดยบาร์รอนเองแทนที่จะเป็นบิดาและพี่ชายของเขา การตัดสินใจจึงต้องดำเนินไปอย่างเร่งรีบ จึงไม่มีเวลาที่จะตัดชุดที่เขาสวมใส่ในพิธีให้เหมาะกับขนาดตัวของเขา เขาสามารถเลือกชุดสูทที่เหมาะสมที่สุดได้จากชุดทางการสำเร็จรูประดับไฮเอนด์ จากนั้นให้ช่างตัดเสื้อปรับเปลี่ยนตามรูปร่างของเขา\n\nโชคดีที่รูปร่างของบาร์รอนนั้นเป็นแบบมาตรฐานมาก ดังนั้นช่างตัดเสื้อจึงไม่ต้องทำงานหนักมากนัก\n\nบารอนดูสวยน่าทึ่งในชุดนี้!\nรูปร่างหน้าตาของเขาดูหล่อแต่ก็ไม่ได้ดูเป็นผู้หญิงมากจนเกินไป ทำให้คนอื่นรู้สึกสดใสขึ้นมาเลย นอกจากนี้เขายังสูงเกือบ 190 ซม. และมีหุ่นที่ได้สัดส่วนราวแขวนเสื้อผ้า ชุดนี้ช่วยขับเน้นออร่าผู้สูงศักดิ์ของบาร์รอนออกมาได้อย่างสมบูรณ์แบบ\n\n“ท่านอาจารย์ วันนั้นท่านจะกลายเป็นคนรักในฝันของผู้หญิงทุกคนอย่างแน่นอน...”\n\nถึงแม้ว่าเขาจะเป็นพ่อบ้านส่วนตัวและอยู่เคียงข้างบารอนเสมอ และคุ้นเคยกับเขาเป็นอย่างดี แต่ราโมสก็อดไม่ได้ที่จะชื่นชมเขาเมื่อเห็นรูปลักษณ์ของเขา\n\n\"ฉันว่าเสื้อผ้าพวกนี้ก็ดีนะ ดังนั้นมาทำอย่างนี้กันดีกว่า\"\n\nบารอนมองดูรูปร่างปัจจุบันของเขาในกระจกแล้วรู้สึกพึงพอใจมาก\n\n…\n\nการจับเวลาของการแข่งขัน Asahi World Cup ระหว่าง RB กับเกาหลีใต้ไม่ได้เป็นมิตรกับอังกฤษมากนัก แต่ก็ถือว่าโอเค\n\nสาเหตุหลักคือเวลาที่ลอนดอนเร็วกว่าเวลาอาซาฮี ดังนั้นนัดเปิดสนามฟุตบอลโลกระหว่างฝรั่งเศสกับเซเนกัล ซึ่งจะจัดขึ้นเวลา 19:30 น. จึงตรงกับเที่ยงวันที่ลอนดอนพอดี\n\nหากยังโอเคอยู่ เกมถัดไปเวลา 14.30 น. ก็คงจะเป็นราวๆ ตี 5 หรือ 6 โมงเช้าที่ลอนดอน ซึ่งแฟนๆ จะต้องตื่นเช้ามากๆ\n\nผลของเกมไม่ได้เบี่ยงเบนไปจากเส้นทางชีวิตก่อนหน้านี้ของบาร์รอนเลย ทีมฝรั่งเศสยังพ่ายแพ้ให้กับเซเนกัลด้วยสกอร์ 0:1\n\nนั่นยังหมายความว่าด้วยอัตราต่อรอง 15 เท่า บาร์รอนก็สามารถเรียกคืนเงินได้สำเร็จ 600,000 ปอนด์จากเงิน 40,000 ปอนด์ที่เขาเดิมพันในเกมนี้\n\nการต่อสู้ครั้งแรกได้รับชัยชนะ!\n\nเมื่อเห็นผลลัพธ์ดังกล่าว โดยเฉพาะหลังจากแลกรับรางวัลแล้ว บาร์รอนไม่สามารถพูดได้ว่าเขาไม่มีความสุขและตื่นเต้น\n\nและสำหรับเขา ความสำคัญที่ยิ่งใหญ่กว่านั้นอยู่ที่ความจริงที่ว่าประวัติศาสตร์ไม่ได้เปลี่ยนแปลงและไม่ได้หลงทาง!\nดังนั้น “อนาคต” ที่อยู่ในความทรงจำของเขาจึงสามารถนำมาใช้เป็นข้อมูลอ้างอิงและเชื่อถือได้!\nด้วยวิธีนี้เขาจะมีโอกาสสูงที่จะคว้าชัยชนะครั้งยิ่งใหญ่ในฟุตบอลโลกครั้งนี้\n\nแน่นอนว่าวิธีการเดิมพันก็ต้องมีกลยุทธ์เช่นกัน\n\nต่างจากฟุตบอลโลกปี 1998 ที่ประเทศฝรั่งเศส หลังจากที่พัฒนามาเป็นเวลาสี่ปี เนื่องจากการพนันออนไลน์ได้ปรากฏขึ้นแล้วในครั้งนี้ ขนาดการพนันฟุตบอลโลกทั่วโลกก็ได้สร้างสถิติอีกครั้ง\n\nตามที่เขาพบในอินเทอร์เน็ต ในการแข่งขัน Asahi World Cup นัดแรกระหว่างฝรั่งเศสและเซเนกัล ตามข้อมูลจากบริษัทเกมทั่วๆ ไปทั่วโลก พบว่ามูลค่ารวมของการเดิมพันสูงเกิน 1.5 พันล้านยูโร!\nแต่ถึงแม้จะเป็นเช่นนั้น หากจำกัดขอบเขตให้แคบลงแค่ในสหราชอาณาจักร จำนวนเงินเดิมพันของ Barron ก็ยังต้องได้รับการวางแผนและไม่ให้เห็นชัดเจนเกินไป\n\nโชคดีที่ตอนนี้เป็นปี 2002 แล้ว แต่พระราชบัญญัติการพนันปี 2005 ในสหราชอาณาจักรยังไม่ได้รับการบังคับใช้ มิฉะนั้น ระบบชื่อจริงและการจำกัดการเดิมพันอาจบังคับให้บาร์รอนต้องเดิมพันในฝรั่งเศสซึ่งเป็นประเทศเพื่อนบ้าน...\n', 11, 1, '2025-04-15 02:12:10'),
(12, 2, 'พ่อของฉันเสียชีวิตทันทีหลังจากที่ฉันข้ามไป', '“ฝ่าบาทอาเธอร์ ฝ่าบาทอาเธอร์ ตื่นได้แล้ว มีเรื่องเลวร้ายเกิดขึ้น ฝ่าบาทดยุคถูกลอบสังหาร สมเด็จพระราชินีทรงต้องการพบฝ่าบาท!” จู่ๆ ประตูห้องที่ตกแต่งอย่างหรูหราก็ถูกผลักเปิดออก และมีสุภาพบุรุษท่านหนึ่งที่ดูเป็นผู้ใหญ่และมั่นคงรีบวิ่งเข้ามาพร้อมกับดวงตาสีแดงและตะโกนเสียงดัง\n\n“หืม หืม?” คอนเนอร์ อาร์เธอร์ ที่กำลังนอนหลับสบายถูกปลุกทันที เขาลุกออกจากเตียง และรีบถามชายชราผู้นั้นว่า “บัตเลอร์ ฮันเตอร์ เกิดอะไรขึ้น?”\n\n“ไม่มีเวลาจะพูดอะไรอีกแล้ว ฝ่าบาทอาร์เธอร์ โปรดไปเฝ้าสมเด็จพระราชินี ฝ่าบาทดยุกถูกลอบสังหารบนถนนในลอนดอนเมื่อเช้านี้ และตอนนี้ราชวงศ์และรัฐบาลทั้งหมดกำลังสืบสวนเรื่องนี้อยู่” พ่อบ้านที่ชื่อฮันเตอร์พูดด้วยตาแดงก่ำและเสียงร้องไห้เล็กน้อย\n\n“อ๋อ เกิดอะไรขึ้น ทำไมพ่อของฉันถึงถูกลอบสังหาร” คอนราด อาร์เธอร์ตกใจและถามด้วยความไม่เชื่อ\n\nอาเธอร์ วิลเลียม แพทริก อัลเบิร์ต บิดาของคอนน็อต อาร์เธอร์ เป็นหนึ่งในพระมหากษัตริย์ที่ยิ่งใหญ่ที่สุดในประวัติศาสตร์จักรวรรดิบริติช พระราชโอรสองค์ที่สามของสมเด็จพระราชินีวิกตอเรีย และดยุกแห่งคอนน็อตและสตราเธิร์น และเอิร์ลแห่งซัสเซกซ์แห่งจักรวรรดิบริติช\n\nคอนเนอร์ อาร์เธอร์ ไม่เต็มใจที่จะเชื่อว่าเจ้าชายและดยุคผู้สูงศักดิ์เช่นนี้จะถูกลอบสังหารในเมืองหลวงของประเทศของเขาเอง\n\n“ฉันก็ไม่รู้เหมือนกัน ทุกอย่างในตอนแรกก็ดีอยู่หรอก ใครจะคิดว่าจู่ๆ นักฆ่าจะมาลอบสังหารฝ่าบาทได้ล่ะ ตอนนี้ไม่มีเวลาคิดเรื่องนี้แล้ว ฝ่าบาท ขอเสด็จไปเฝ้าสมเด็จพระราชินีก่อนเถอะ อย่างน้อยตอนนี้ที่นั่นก็ปลอดภัยดีแล้ว” บัตเลอร์ ฮันเตอร์ กล่าวด้วยความเศร้าและกังวล\n\nเมื่อพูดถึงประวัติของพ่อบ้านเก่าฮันเตอร์ ถึงแม้จะไม่ยอดเยี่ยมนัก แต่ก็มีความล้ำลึกมาก\n\nนับตั้งแต่ที่ Duke Arthur William Patrick Albert ได้รับการแต่งตั้งเป็นอัศวินในปี พ.ศ. 2417 Butler Hunter ก็ดำรงตำแหน่งพ่อบ้านของ Duchy และ Duke Arthur ทั้งหมดมาเป็นเวลามากกว่า 20 ปี\n\nในช่วงยี่สิบปีที่ผ่านมา บัตเลอร์ ฮันเตอร์ไม่เพียงแต่เฝ้าดูดยุคอาร์เธอร์เติบโตขึ้นทีละขั้นจนเป็นดยุคที่มีคุณสมบัติเท่านั้น แต่บัตเลอร์ ฮันเตอร์ยังเฝ้าดูคอนเนอร์ อาร์เธอร์เติบโตขึ้นด้วย\n\nนี่ก็เป็นเหตุผลว่าทำไมบัตเลอร์ ฮันเตอร์ถึงเสียใจมากหลังจากได้ยินว่าดยุคอาร์เธอร์ วิลเลียม แพทริก อัลเบิร์ตถูกลอบสังหาร\n\n“ตอนนี้เราจะต้องทำอย่างไร?” คอนราด อาร์เธอร์อยู่ในร่างนี้ได้เพียงไม่กี่เดือน และตลอดช่วงไม่กี่เดือนนี้ เขาไม่รู้เรื่องสภาพแวดล้อมปัจจุบันของเขามากนัก\n\nนอกจากนี้ ความเข้าใจของฉันเกี่ยวกับจักรวรรดิอังกฤษก่อนหน้านี้ก็เป็นเพียงผิวเผินเท่านั้น ฉันรู้เพียงว่าสมเด็จพระราชินีวิกตอเรียเป็นหนึ่งในพระมหากษัตริย์ที่ยิ่งใหญ่ที่สุดในประวัติศาสตร์อังกฤษ และเป็นที่รู้จักในฐานะย่าของราชวงศ์ยุโรป\n\nภายใต้สถานการณ์เช่นนี้ หลังจากบิดาดั้งเดิมของเขา ดยุคอาร์เธอร์ วิลเลียม แพทริก อัลเบิร์ต ถูกลอบสังหาร คอนน็อต อาร์เธอร์ไม่รู้จะทำอย่างไรชั่วขณะหนึ่ง\n\n“ขอเข้าเฝ้าสมเด็จพระราชินีก่อนนะคะ สิ่งที่สำคัญที่สุดตอนนี้คือต้องดูแลความปลอดภัยของพระองค์ท่านค่ะ” บัตเลอร์ ฮันเตอร์ กล่าวอย่างเด็ดขาด\n\nหลังจากที่สูญเสียลอร์ด ดยุคอาร์เธอร์ วิลเลียม แพทริก อัลเบิร์ต ซึ่งเขาเฝ้าดูเขาเติบโตเหมือนเด็ก บัตเลอร์ ฮันเตอร์ก็ไม่สามารถทนต่ออุบัติเหตุใดๆ ที่เกิดขึ้นกับคอนเนอร์ อาร์เธอร์ ที่เขาเฝ้าดูเขาเติบโตอีกต่อไป\n\n\"โอเค งั้น บัตเลอร์ ฮันเตอร์\" คอนเนอร์ อาร์เธอร์ ก็เข้าใจถึงความสำคัญของเรื่องนี้เช่นกัน และพยักหน้า\n\nพระราชวังบักกิงแฮม ห้องประชุมของสมเด็จพระราชินีวิกตอเรีย\n\nในเวลานี้ ห้องประชุมเต็มไปด้วยเจ้าหน้าที่ระดับสูงและสมาชิกราชวงศ์จากสหราชอาณาจักร และพวกเขาทั้งหมดล้วนเป็นเจ้าหน้าที่ระดับสูงอย่างน้อยก็ในระดับรัฐมนตรี\n\n“ฝ่าบาท ขอพระองค์ทรงโปรดรับความเสียใจจากพวกเราด้วย การสิ้นพระชนม์ของดยุกแห่งอาเธอร์เป็นเรื่องที่น่าเสียใจ แต่สิ่งที่สำคัญที่สุดในตอนนี้คือการค้นหาสาเหตุของการลอบสังหารและผู้ร้ายตัวจริงที่อยู่เบื้องหลัง” โรเบิร์ต เซลซีย์ นายกรัฐมนตรีอังกฤษคนปัจจุบันกล่าวด้วยสีหน้าเศร้า \nไม่ว่าในกรณีใด การลอบสังหารเจ้าชายและดยุคผู้มีชื่อเสียงแห่งจักรวรรดิอังกฤษในเมืองหลวงของจักรวรรดิอังกฤษถือเป็นความอับอายครั้งยิ่งใหญ่ต่อทั้งราชวงศ์และรัฐบาล\n\nนี่ไม่เพียงเป็นการละเมิดศักดิ์ศรีของราชวงศ์เท่านั้น แต่ยังเป็นการละเมิดศักดิ์ศรีของจักรวรรดิอังกฤษอีกด้วย\n\nคุณต้องรู้ว่าปัจจุบันจักรวรรดิอังกฤษเป็นมหาอำนาจอันดับหนึ่งของโลกที่ไม่มีใครโต้แย้งได้ และกองทัพเรือของจักรวรรดิอังกฤษได้ทำลายล้างประเทศที่ทรงอำนาจเป็นอันดับสองและสามของโลก\n\nภายใต้สถานการณ์เช่นนี้ มีคนกล้าวางแผนลอบสังหารดยุคและเจ้าชายแห่งจักรวรรดิอังกฤษในลอนดอน ซึ่งเป็นเมืองหลวงของจักรวรรดิอังกฤษ ซึ่งถือเป็นการตบหน้าจักรวรรดิอังกฤษและราชวงศ์อังกฤษอย่างโจ่งแจ้ง\n\n“ท่านนายกฯ พูดถูก รีบสืบสวนทันที! ภายในสามวัน ฉันต้องการทราบข้อมูลทั้งหมดเกี่ยวกับฆาตกร และว่ามีใครอยู่เบื้องหลังเขาหรือไม่ ใครก็ตามที่เกี่ยวข้องกับการลอบสังหารครั้งนี้จะถูกจับกุมและปล่อยตัวหลังจากยืนยันว่าไม่มีใครสงสัย ฉันต้องการให้ผู้ที่กล้าทำร้ายอาร์เธอร์เข้าใจว่าศักดิ์ศรีของราชวงศ์ไม่สามารถท้าทายได้ง่ายนัก” เมื่อถึงที่นั่งแรก สมเด็จพระราชินีวิกตอเรียวัย 80 ปี ตรัสด้วยพระพักตร์เต็มไปด้วยความเศร้าโศกและความโกรธ\n\nเจ้าชายอาร์เธอร์ วิลเลียม แพทริก อัลเบิร์ต เป็นพระโอรสที่สมเด็จพระราชินีวิกตอเรียทรงโปรดปรานมาตั้งแต่พระองค์ประสูติ แม้ว่าความโปรดปรานของเจ้าชายอาเธอร์จะเปลี่ยนไปเป็นส่วนใหญ่หลังจากการประสูติของเจ้าหญิงเบียทริซ พระขนิษฐาของพระองค์ แต่พระองค์ก็ยังคงเป็นพระโอรสที่โปรดปรานของสมเด็จพระราชินีวิกตอเรีย\n\nโดยเฉพาะอย่างยิ่งหลังจากเจ้าชายอัลเฟรด พระโอรสองค์ที่สองของพระองค์ เสด็จไปเยอรมนีเพื่อสืบราชสมบัติ และเจ้าชายเลโอโปลด์ พระโอรสองค์ที่สี่ของพระองค์ สิ้นพระชนม์ด้วยโรคฮีโมฟีเลียในปี พ.ศ. 2427 เจ้าชายอาร์เธอร์จึงได้รับการยกย่องจากสมเด็จพระราชินีวิกตอเรียมากยิ่งขึ้น\n\nนอกจากนี้ เอ็ดเวิร์ด บุตรชายคนโต ไม่ได้รับความรักจากสมเด็จพระราชินีวิกตอเรีย หลังจากเกิดเรื่องอื้อฉาวซ้ำแล้วซ้ำเล่าเกี่ยวกับชีวิตส่วนตัวที่ไม่เหมาะสมของเขา สมเด็จพระราชินีวิกตอเรียก็ยิ่งไม่ใส่ใจเขาอีกต่อไป\n\nนอกจากนั้นยังมีข่าวลือซ้ำแล้วซ้ำเล่าในวงการการเมืองอังกฤษและในหมู่ประชาชนว่าสมเด็จพระราชินีวิกตอเรียทรงประสงค์จะแต่งตั้งเจ้าชายอาร์เธอร์เป็นมกุฎราชกุมาร\n\nแม้ว่าสมเด็จพระราชินีวิกตอเรียจะไม่ได้ดำเนินการใด ๆ เพื่อปลดเอ็ดเวิร์ดออกจากตำแหน่งมกุฎราชกุมาร แต่ไม่ทราบว่าพระองค์คิดทำเช่นนั้นในที่ส่วนตัวหรือไม่\n\n\"น็อค น็อค น็อค!\"\n\nจู่ๆ ก็มีเสียงเคาะประตู ขัดขวางเสียงคำรามโกรธเกรี้ยวของสมเด็จพระราชินีวิกตอเรีย\n\nทุกคนมองไปที่ประตู พยายามดูว่าใครกล้าที่จะรบกวนความโกรธของสมเด็จพระราชินีวิกตอเรียในเวลานี้\n\n\"ยาย.\" อาเธอร์เดินเข้ามาอย่างช้าๆ และตะโกนด้วยดวงตาแดงก่ำ\n\nคำว่า “คุณย่า” สามารถขจัดความโกรธของสมเด็จพระราชินีวิกตอเรียได้ทันที เมื่อมองดูใบหน้าตรงหน้าของเธอซึ่งคล้ายกับลูกชายคนโปรดของเธอมาก สมเด็จพระราชินีวิกตอเรียก็อดไม่ได้ที่จะหลั่งน้ำตาสองหยดจากหางตาและพูดด้วยน้ำเสียงสะอื้น\n\n“เด็กดี มาหาคุณยายเถอะ ไม่ต้องเป็นห่วงนะ ไม่มีใครทำร้ายคุณได้หรอกถ้ามีคุณยายอยู่ที่นี่” สมเด็จพระราชินีวิกตอเรียทรงก้าวไปข้างหน้า จับมือของอาร์เธอร์และพาเขาไปนั่งที่ด้านบน\n\n\"ฝ่าบาทอาร์เธอร์\" เจ้าหน้าที่ของรัฐบาลต่างทักทายอาร์เธอร์ทีละคน\n\n“ส่งคำสั่งนี้ต่อไป ตำแหน่งของอาเธอร์จะตกทอดไปถึงอาเธอร์หนุ่ม รวมทั้งปราสาทและทรัพย์สินทั้งหมดด้วย อาเธอร์จะถูกฝังโดยได้รับการปฏิบัติเหมือนเจ้าชาย และธงจะถูกชักขึ้นครึ่งเสาไปทั่วประเทศเป็นเวลาสามวัน” สมเด็จพระราชินีวิกตอเรียตรัสด้วยความเศร้าขณะที่ลูบใบหน้าของอาเธอร์ด้วยดวงตาสีแดง', 1, 1, '2025-04-16 14:47:51'),
(35, 17, 'อารัมภบท', 'เอกภพของเราถือกำเนิดมาเมื่อ 13.8 พันล้านปีก่อน ...\n\nขณะที่โลก คือดาวเคราะห์อายุ 4.5 พันล้านปี และการที่มนุษย์มี\nวิวัฒนาการจากสิ่งมีชีวิตเซลล์เดียว จนกลายมาเป็นโฮโมชาเปี้ยน (HomoSapiens) และมีอารยธรรมในแบบปัจจุบันนั้น ก็ต้องใช้เวลานาน\nถึง 5 หมื่นปี\n\nทว่า เมื่อเทียบกับอายุของเอกภพแล้ว นี่ถือเป็นแค่จุดเริ่มต้นของ\nอารยธรรมมนุษย์เท่านั้น\n\nในปี ค.ศ. 1964 นักวิทยาศาสตร์ชาวรัสเซีย ชื่อ นิโคไล คาร์ดาเชฟ\n(Nikolai Kardashev) ได้แบ่งอารยธรรมของมนุษยชาติไว้ 3 ระดับ โดย\nใช้ความสามารถในการนำพลังงานมาใช้เป็นตัวชี้วัด\n* อารยธรรมระดับที่ 1 (Civilization Type 1) คือ ยุคที่มนุษย์\nสามารถนำพลังานจากธรรมชาติทั้งหมดของดาวเคราะห์ มาใช้ได้อย่างเต็ม\nประสิทธิภาพ 100% ทั้งพลังงานจากใต้พิภพ, แสง, ลม, และน้ำ (ปัจจุบัน\nมนุษย์มาถึงระดับอารยธรรม 0.7 และถูกคาดการว่ามนุษย์จะพัฒนาสู่\nอารยธรรมระดับที่ 1 ได้ในอีก 300 ปี)\n\n* อารยธรรมระดับที่ 2 (Civilization Type 2) คือ ยุคที่มนุษย์\nสามารถนำพลังงานจากดาวฤกษ์ มาใช้ได้อย่างอิสระ โดยการสร้างโครง\nสร้างขนาดยักษ์ ไว้เก็บพลังงานจากดวงอาทิตย์ที่เรียกว่า ไดสัน สวอร์ม\n(Dyson swarm) และมีความเป็นไปได้ว่าจะนำพลังงานนี้มาใช้เป็นพลัง\nงานของ วาร์ปเกต (Warp Gate) เพื่อใช้ในการเดินทางข้ามกาแล็คซี่และ\nมิติเวลาได้\n\n* อารยธรรมระดับที่ 3 (Civilization Type 3) คือ ยุคที่มนุษย์\nสามารถดูดซับพลังงานจากหลุมดำและ พลังงานมืด (Dark Energy) มา\nใช้ได้ และนั่นคือ พลังงานมหาศาลเกินกว่าจะจินตนาการได้ ....\n\n.........................................................................................................................\n\n4 พฤษภาคม คศ. 2025\n\nบริษัทเมต้าเทคได้ประกาศรายงานผลการค้นพบ อนุภาคโคเมท\n(Comet Particle) ซึ่งจะเป็นพื้นฐานให้กับฟิสิกส์อนุภาคสมัยใหม่ นี่ถือ\nเป็นกุญแจดอกสำคัญที่จะเปิดประตู สู่การกำเนิดสิ่งมีชีวิตและพลังงานรูป\nแบบใหม่ ซึ่งจะนำมนุษยชาติไปสู่อารยธรรมอันรุ่งโรจน์\n\nแต่มันยังใหม่และยังต้องศึกษาอีกยาวนาน\n\nกระทั่งเวลาผ่านไปถึง 150 ปี ในที่สุดเมต้าเทคก็สามารถดำเนิน\nการตามสิ่งที่เขาประกาศไว้ได้สำเร็จ เวลานี้พวกเขาสามารถปลูกถ่ายอนุภาค\nโคเมทใส่เข้าไปใน DNA ของมนุษย์ได้ และมันจะเปลี่ยนไปจนโลกคาดไม่ถึงแล้ว\"\n\n\"เป็นเวลาอันยาวนานที่เราพยายามทำสิ่งนี้ และวันนี้เราได้ทำสำเร็จ\n\nประธานรุ่นที่ 3 ของเมต้าเทคได้กล่าวสรุป ก่อนที่ทุกคนในห้อง\nประชุมจะลุกขึ้นปรบมือ เขาถึงกับปาดน้ำตาให้กับความสำเร็จครั้งนี้\n\n\"เราจะดำเนินการตามเจตนารมย์ของผู้ก่อตั้งเมื่อร้อยห้าสิบปีที่แล้ว\nจากทุกคนจะไม่ป่วย มีอายุขัยที่ยืนยาว และทุกคนจะมีพลังพิเศษเป็นของ\nตัวเอง! เพื่อชีวิตที่ดีกว่าของมวลมนุษยชาติ และเพื่อทำลายปัญหาความ\nเหลื่อมล้ำให้หมดไป เราจะปลูกถ่ายอนุภาคโคเมทให้ทุกคนบนโลกนี้ ฟรี !!! \"\n\nทุกคนที่ได้ดูไลฟ์สดครั้งนี้ต่างกู่ร้องด้วยความตื่นเต้นดีใจ\nแต่ทว่าเมื่อเวลาผ่านไป ความเหลื่อมล้ำก็ยังคงไม่มีวันสิ้นสุด\n\n................................................................................................................\n\nณ ชั้นบนสุดของตึกสูงเสียดฟ้า สภาสูงทั้งเจ็ดมารวมตัวกันรอบโต๊ะ\nวงรีที่ประดับประดาด้วยลวดลายดวงดาวอันสลับซับซ้อน โฮโลแกรมที่ฉาย\nตรงกลางแสดงภาพจักรวาลทั้งสาม แต่ละจักรวาลส่องแสงแวววาวเป็นเอกลักษณ์\n\n\"ความรับผิดชอบของเราคือการทำให้แน่ใจว่าไม่มีเอกภพใดมีอำนาจ\nเหนือเอกภพอื่น\" สมาชิกสภาคนหนึ่งประกาศ เสียงของเขาสะท้อนก้องกังวาล\n\nสมาชิกสภาอีกคนพยักหน้าเห็นด้วย\n\n\"แน่นอน พลังที่ไม่ถูกตรวจสอบสามารถนำไปสู่หายนะได้\"\nสมาชิกสภาสูงอายุที่ชาญฉลาดพูดขึ้น น้ำเสียงของเขาแสดงถึงความ\nมีสติปัญญาที่ลึกซึ้ง \"เราต้องแสวงหาจุดร่วม ดินแดนที่เป็นกลางซึ่งตัวแทน\nจากแต่ละจักรวาลสามารถมารวมตัวกัน\"\n\n\"แล้วถ้าเกิดบางคนไม่ยอมทำตามการตัดสินใจของเราล่ะ?\" สมาชิก\nสภาที่เคร่งขรึมตะโกนใส่ด้วยเสียงเฉียบขาด\n\nสมาชิกสาวที่พูดจานุ่มนวลกล่าวเสริมว่า \"เราต้องมีผลที่ตามมา\nสำหรับผู้ที่ต่อต้านการตัดสินใจของสภา\" \"\n\nเสียงของพวกเขาก็ดังก้องราวกับอยู่บนสวรรค์\n\nขณะที่พวกเขากำลังพิจารณาอยู่ การพูดคุยเรื่องต่าง ๆ นั้น ดั่งทวย\nเทพแห่งจักรวาล การตัดสินใจของพวกเขามีน้ำหนักและผลส่งผลกระทบไม่\nใช้แค่เพียงจักรวาลเดียว แต่ทั้งสามจักรวาลอยู่ในมือของพวกเขา\nท่ามกลางการอภิปราย การฉายภาพโฮโลกราฟิกของจักรวาลทั้ง\nสามทำให้ห้องสว่างขึ้น แสดงให้เห็นโลก วัฒนธรรม และอารยธรรมต่างๆ\nของแต่ละเอกภพ\n\nสภาสูงทั้งเจ็ดรับรู้ถึงความกว้างใหญ่และความซับซ้อนของการจัด\nระเบียบจักรวาลและนั่นเกี่ยวพันกับ\n\nชีวิตนับไม่ถ้วน\n\nแต่โชคชะตาได้ถักทอสายใยที่ซับซ้อนยิ่งกว่า ชะตากรรม และแก่น\nแท้ของจักรวาล กลับไปบรรจบกับ ... ชายหนุ่มที่ไร้พลัง\n', 1, 0, '2025-04-27 14:32:41'),
(36, 17, 'บทนำ ศรัทธา', 'ตึ้ง!\n\nเสียงกระแทกมือลงบนโต๊ะอย่างแรงดังสนั่นห้อง\n\n\"นี่มันหมายความว่ายังไง ...? \" ชายวัยกลางคนถามขึ้น ใบหน้าคมเข้ม\nดูตึงเครียด ผมสีน้ำตาลเข้มของเขามีปอยผมด้านหน้าเป็นสีขาวแล้วบาง\nส่วนทำให้เขาดูอายุมากกว่าความจริงเล็กน้อย แต่เขาก็ไม่เคยสนใจทรงผม\nหรือสีผมของเขา นั่นยิ่งทำให้เขาดูมีเสน่ห์ไม่เหมือนใคร ทั้งยังแต่งตัวภูมิ\nฐานด้วยชุดสูทสั่งตัดด้วยเนื้อผ้าชั้นดี มีเสื้อกาวน์สีขาวสวมทับไว้อีกชั้น ตรง\nหน้าอกปรากฏป้ายชื่อสีดำตัวอักษรสีทองเขียนชื่อ\nศาสตราจารย์ วาเลนไทน์ วิสเปอร์วินด์\n\nเขาโยนเอกสารดิจิตอลไปด้านหน้า มือทั้งสองข้างกระแทกลงไปบน\nโต๊ะไม้โอ๊คสีน้ำตาลไหม ที่แม้ขนาดจะใหญ่ แข็งแรงและสง่างามเพียงใด มัน\nก็สั่นเล็กน้อยตามแรง ..\n\nชายที่นั่งตรงข้ามศาสตราจารย์ วาเลนไทน์เลิกคิ้ว แต่ยังคงสงบนิ่ง\n\n\"มีอะไรเหรอวาเลนไทน์?\" เขาถามด้วยน้ำเสียงสงบและหนักแน่น วา\nเลนไทน์กัดฟัน แสดงความหงุดหงิดอย่างเห็นได้ชัด\n\n\"โครงการควอนิกม่านี่มัน ... \" ศาสตราจารย์วาเลนไทน์กลืนคำพูดสุด\nท้ายลงไปอย่างฝืนทน น้ำเสียงเจือไปด้วยความผิดหวังและไม่พอใจ\n\n\"การทดลองของเรา ไม่ได้มีจุดประสงค์แบบนี้\"\nชายอีกคนเอนหลังพิงเก้าอี้พนักสูงที่ดูยิ่งใหญ่เกินจำเป็น ถ้าจะเรียก\nให้ถูกต้องว่านั่นมันคือบัลลังก์ แสงจากเข็มกลัดติดเสื้อที่เป็นสัญลักษณ์\nประจำตัวเขาคือตัวอักษรย่อ F นั้นสะท้อนเข้าไปในดวงตาอีกฝ่าย\n\n\"วาเลนไทน์ ... นายคิดว่าเงินทุนที่ทำให้โครงการนี้ยิ่งใหญ่ขึ้นได้ มา\nจากไหน\" เป็นเสียงที่เยือกเย็นจนน่าขนลุก\n\nเขาหมุนบัลลังก์หันหลังให้ศาสตราจารย์วาเลนไทน์แล้วมองออกไป\nนอกหน้าต่าง แม้แต่เมฆยังลอยอยู่ใต้เท้าของเขา นี่ช่างเป็นฉาก\nคอสเพลย์พระเจ้าที่ดูสมจริงเลยทีเดียว ถ้าเขาตั้งใจจะให้เป็นแบบนั้น\n\n\"และนายก็ไม่ได้เป็นเจ้าของโครงการนี้คนเดียว\" เสียงราบเรียบที่\nพูดต่อของเขานั้นแฝงไปด้วยความเย้ยหยัน\n\nวาเลนไทน์กลืนน้ำลายลงคออย่างยากลำบาก เขาสัมผัสถึงแรงกด\nดันมหาศาลจากชายผู้นั้น\n\nเขาไม่ใช่คนที่ฉันเคยรู้จักอีกต่อไป\n\nศาสตราจารย์วาเลนไทน์คิดเช่นนั้นแล้วหันหลังกลับ ตัดสินใจถอด\nเสื้อกาวน์ทิ้งไว้กับพื้น ...\nแล้วเดินออกมาทันที\n\nถ้านี้คือเป้าหมายที่แท้จริงของนาย \"เฟอร์โก้\" มันไม่มีประโยชน์อะไร\nแล้วที่ฉันจะอยู่ที่นี้ สิ่งที่พวกเรารวมกันสร้างมาคงจบที่ตรงนี้ และถ้าทั้ง\nหมดนี้คือแผนการที่วางไว้ตั้งแต่แรก ฉันก็คงเป็นอัจฉริยะที่โง่เง่าที่สุดใน\nโลก\n\nเขาครุ่นคิดอยู่ในใจ ขณะที่ย่ำเท้าตรงกลับไปยังห้องเพนท์เฮาส์ของ\nตัวเอง\n\n\"ทิม ... เราต้องไปจากที่นี่\"\n\nศาสตราจารย์วาเลนไทน์บอกกับหุ่นยนต์พ่อบ้านที่เขาสร้างขึ้นมา\nมันถอดแบบมาจากชีรี่ย์อนิเมชั่นไซไฟย้อนยุค เรื่อง \'คอสมิควิชั่นคลับ\' ที่\nเขาชอบจนดูซีรี่ย์เรื่องนี้มานับครั้งไม่ถ้วน ในสมัยที่เขายังอาศัยอยู่นอกเมือง\n\nใช่แล้ว เขาเป็น \'เอ้าท์เตอร์\' และเขาไม่ชอบถูกเรียกแบบนั้น\n\n\"นายท่าน ... แล้วเราจะไปไหนขอรับ?\" ศาสตราจารย์วาเลนไทน์ไม่ได้\nตอบคำถามใดๆ กับทิม นั่นยิ่งทำให้ทิมถามไม่หยุด\n\"นายท่าน ที่นี่เป็นที่ที่ทุกคนใฝ่ฝันจะมาอาศัยอยู่ ทำไมเราต้องไป มี\nเหตุผลอันใดที่จะทิ้งความหรูหราสะดวกสบายของที่นี่ ... \"\n\n\"ไซเลนโหมด\" วาเลนไทน์ใช้คำสั่งเสียงปิดโหมดช่างจ้อของทิม แม้ว่า\nหน้าจอแสดงผลการออกเสียงของทิมจะยังเป็นเส้นขยับขึ้นลงอยู่ก็ตาม\n\nนั่นเพราะเขากำลังจะกลับไปที่ที่เขาจากมา\n\n\"คนนั้นไงที่มาจากครอบครัวเอ้าท์เตอร์\"\n\nเสียงกระชิบลับหลังที่วาเลนไทน์ มักได้ยินอยู่ประจำในช่วงแรกที่เขา\nเข้ามาอยู่ที่คอสมิกทาวเวอร์\n\nฉันจะพิสูจน์ให้เห็นเอง ว่าเอ้าท์เตอร์อย่างฉันจะไปได้ถึงไหน\n\nเขาประกาศก้องอยู่ในใจ ความรู้สึกโดดเดี่ยวที่เคยแผ่ซ่านไปทั่วร่าง\nกายถูกแทนที่ด้วยความมุ่งมั่น วาเลนไทน์รู้สึกถึงความเจ็บปวดจากการดู\nถูกในอดีต ขณะที่เขาเดินบนทางเดินที่โอ่อ่าหรูหราของชั้นเพนเฮาส์ แม้เขา\nจะเป็นหนึ่งในจำนวนคนแค่หยิบมือที่มาถึงจุดนี้ได้ แต่ตอนนี้เขาตัดสินใจจะ\nไม่กลับมาเหยียบที่นี่อีก\n\nคนที่อยู่นอกเมืองมักถูกดูถูกตัดสินว่ามีความสามารถด้อยกว่าผู้ที่\nอาศัยอยู่ในคอสมิกซิตี้เมืองที่แสงส่องสว่างจนกลายเป็นกำแพงแบ่งแยกชน\nชั้นโดยปริยาย\n\n..................................................\n\nที่นอกคอสมิกซิตี้ บรรยากาศแตกต่างออกไปอย่างเห็นได้ชัด\n\nแม้ว่าตัวเมืองจะเป็นมหานครแห่งความมหัศจรรย์ทางเทคโนโลยี\nแต่ชนบทกลับเป็นสถานที่ที่เงียบสงบและเรียบง่ายกว่า เนินเขาสลับซับซ้อน\nที่มีฟาร์มและหมู่บ้านเล็กๆ แผ่กระจายไปทุกทิศทุกทาง อากาศอบอวลไป\nด้วยกลิ่นหอมของดินที่เพิ่งไถพรวนและดอกไม้ป่าที่บานสะพรั่ง ท้องฟ้า\nเบื้องบนเป็นสีครามไร้ที่สิ้นสุด มีเพียงก้อนเมฆที่ล่องลอยทั่วท้องฟ้า ดวง\nอาทิตย์เจิดจ้าฉายแสงอบอุ่น ยังคงมีเสียงนกร้องเจื้อยแจ้วบนต้นไม้ และ\nเสียงจิ้งหรีดแว่วมาในอากาศยามค่ำคืนให้ได้ยิน มันเป็นสถานที่เงียบสงบ\nและงดงาม ห่างไกลจากความเร่งรีบและวุ่นวายของคอสมิกซิตี้\n\n\"สกายเลอร์ มากินข้าวได้แล้วนะลูก\"\n\nน้ำเสียงอบอุ่นของหญิงสาวร้องเรียกลูกชายวัยเก้าขวบของเธอ\n\n\"ขออีกห้านาทีครับแม่\"\n\nสกายเลอร์นั่งอยู่ในห้องของเขา ดวงตาจับจ้องไปที่หน้าจอขณะที่\nดู \'ซีโร่เดย์\' ตอน ยอดนักแฮก ฮีโร่ในอนิเมชั่นที่เขาชื่นชอบ คาแรกเตอร์\nของชายหนุ่มผู้กอบกู้โลกจากไวรัสคอมพิวเตอร์ที่ชั่วร้าย ทั้งยังเป็นฮีโร่นัก\nประดิษฐ์และแอ็กเกอร์ที่เก่งกาจ สามารถจัดการกับเทคโนโลยีเลวร้ายได้\nอย่างง่ายดาย เอาชนะศัตรูของเขาได้ทุกเมื่อ สำหรับสกายเลอร์ ซีโร่เดย์นี่\nล่ะเป็นแบบอย่างของความเท่ที่เขาอยากเป็น\n\n\"ว้าว สุดยอดไปเลย\" แววตาเปล่งประกายของเขาจดจ้องไปยังสุด\nยอดฮีโร่หนึ่งเดียวในใจ พร้อมลุกขึ้นมาแอ็คท่าซูเปอร์ฮีโร่เลียนแบบตามที่เขาเห็น\n\n\"เรื่องนี้มันเชยชะมัดยาดเลยนะ ลูกชอบไปได้ไงเนี่ย\" เสียงผู้เป็นพ่อ\nดังขึ้น เขายืนพิงประตูพร้อมพูดกับลูกชายที่กำลังทำท่าสุดเบียว\n\nแต่สกายเลอร์ทำเป็นไม่ได้ยินที่พ่อเขาพูด\n\nคนที่ยังใช้คำว่า \"เชยชะมัดยาด\" ไม่น่าจะบอกว่าอะไรทันสมัยได้นะ\n\n\"ว้าว สุดยอดไปเลย\" แววตาเปล่งประกายของเขาจดจ้องไปยังสุด\nยอดฮีโร่หนึ่งเดียวในใจ พร้อมลุกขึ้นมาแอ็คท่าซูเปอร์ฮีโร่เลียนแบบตามที่\nเขาเห็น\n\n\"เรื่องนี้มันเชยชะมัดยาดเลยนะ ลูกชอบไปได้ไงเนี่ย\" เสียงผู้เป็นพ่อ\nดังขึ้น เขายืนพิงประตูพร้อมพูดกับลูกชายที่กำลังทำท่าสุดเบียว\nแต่สกายเลอร์ทำเป็นไม่ได้ยินที่พ่อเขาพูด\n\nคนที่ยังใช้คำว่า \"เชยชะมัดยาด\" ไม่น่าจะบอกว่าอะไรทันสมัยได้นะ\n\nเด็กน้อยนึกอยู่ในหัว ขณะชีโร่เดย์ใช้ท่าไม้ตาย สกายเลอร์ก็ยิ่งรู้สึก\nถึงแรงบันดาลใจที่หลั่งไหลเข้ามา เขาต้องการเป็นเหมือนชีโร่เดย์ เป็นเจ้า\nแห่งแฮกเกอร์ที่แฮกได้ทุกอย่างในจักรวาล และเป็นฮีโร่ในแบบของเขาเอง\nแม้ในสายตาพ่อเขาจะมองว่าเป็นฝันแบบเด็กๆ แต่เขาก็มุ่งมั่นที่จะทำให้มัน\nเกิดขึ้นจริงให้ได้\n\"สกาย ... หินแร่อันตรายพวกนี้ แม่บอกกี่ทีแล้วว่าอย่าเอาเข้ามาใน\n\n\"ครับแม่ เดี๋ยวผมจะรีบไปจัดการเลย\" เสียงแม่ตะโกนมาอีกรอบ\nสกายเลอร์จึงตอบส่งๆ ไปอย่างนั้น เขาไม่ได้หันไปมองด้วยซ้ำ ไม่รู้เลยว่าแม่\nก็เดินมาดูเขา\n\n\"มีนา เดี๋ยวผมบอกเค้าเอง\"\n\n\"คุณก็คอยแต่ให้ท้ายลูก ถึงฉันจะไม่ใช่นักเคมีแบบคุณ แต่ฉันก็รู้ว่า\nแอกชิออนอันตรายแค่ไหน\"\n\n\"นั่นสิ ก็เพราะผมเป็นสุดยอดนักเคมี ถึงรู้ว่าจะใช้มันให้เป็นประ\nโยชน์ได้ยังไงละ\" ชายผู้พ่อยืดอกและใช้กำปั้นทุบอกตัวเองเบาๆ .\n\n\"เจนัส ... คุณนี่นะ\" มีนาถอนใจออกมา เธอหันไปมองลูกชายของตน\nด้วยสายตาที่บอกว่าบ้าน\"\n\nถอดแบบกันมาชัดๆ\n\n..........................................\n\nที่ผ่านมา ตั้งแต่แววอัจฉริยะฉาย สกายเลอร์กับเจนัส พ่อของเขา ก็\nใช้เวลานับไม่ถ้วนในการสร้างแกดเจ็ตและทดลองโค้ดต่างๆ ด้วยกัน รวมทั้ง\nศึกษาเรื่องแอกชิออน ลักษณะของมันเป็นผลึกโปร่งใสสีเขียวไพร หินแร่\nชนิดนี้ถูกค้นพบไม่นานหลังจากเมต้าเทคประกาศเรื่องอนุภาคโคเมท มีนัก\nวิจัยมากมายพยามนำแร่ธาตุชนิดใหม่นี้มาทดลองเพื่อใช้ประโยชน์จากมัน\nแต่ยังไม่เคยมีใครทำสำเร็จ และเจนนัสก็คือหนึ่งในนั้น\n\nสองพ่อลูกมุ่งมั่นที่จะก้าวข้ามขีดจำกัดเสมอ และแม้ว่าสิ่งประดิษฐ์\nบางอย่างของเขาจะจบลงด้วยความล้มเหลว หรือเรียกว่า \"หายนะ\" ก็คงจะ\nใกล้เคียงกว่า\n\nตู้มมม !!!\n\nเสียงระเบิดจากการทดลองมีให้ได้ยินอยู่ประจำ ตามมาด้วยเสียง\nโวยวายของมีนาที่อบรมสองพ่อลูกเป็นชั่วโมงๆ ทุกครั้งที่เกิดเรื่อง แต่พวก\nเขาก็ไม่เคยล้มเลิก\n\n\"ความล้มเหลวเป็นเพียงเศษหินบนเส้นทางสู่ความสำเร็จ\" นั่นเป็นสิ่ง\nที่สกายเลอร์ได้ยินพ่อพูดอยู่เป็นประจำ หลังจากโดนแม่บ่นจนหูชาไปสาม\n\nวัน G\n\nแล้ววันหนึ่งหลังจากทดลองและมุ่งมั่นอย่างหนักมาหลายเดือน ในที่\nสุดสกายเลอร์ก็ทำสำเร็จโดยลำพัง เขาสร้างอุปกรณ์ที่สามารถควบคุมการ\nใช้งานแอกซิออนได้อย่างไม่น่าเชื่อ เขาก้าวข้ามสิ่งที่พ่อเขาทำไม่ได้ไปแล้ว\nหนุ่มน้อยออกตัววิ่งอย่างตื่นเต้น พลางถือสิ่งประดิษฐ์ชิ้นใหม่อยู่ในมือ มุ่ง\nหน้าไปหาพ่อของเขาที่กำลังให้อาหารวัวอยู่ที่ฟาร์ม อยากจะโชว์สิ่งนี้ให้พ่อ\nเห็นแทบแย่\n\nระหว่างวิ่ง สกายเลอร์กำลังจินตนาการวิธีที่จะขิงพ่อจอมอวดเบ่ง\nของเขา\n\n\"เฮ้ พ่อฮะ ดูนี่สิ!\" เจนัสหันกลับมาสีหน้าปกติ\n\n\"นั่นมันของไร้สาระอะไรน่ะ?\"\n\n\"ส่งที่พ่อทำไม่ได้ไง\"\n\n\"โอ้โห อัจฉริยะตัวน้อยของพ่อ เก่งเหมือนพ่อไม่มีผิด สุด\nยอดดดดดด\"\n\nคิดไปก็ยิ้มไป พอรู้สึกตัวอีกทีเขาก็วิ่งชนเข้าอย่างจังกับชายวัยกลาง\nคนในชุดสูทราคาแพง สวมรองเท้าหนังสีดำเงาวาบ ดูแล้วช่างไม่เหมาะกับ\nพื้นถนนดินทรายบริเวณนั้น มองผ่านแค่แว็บเดียวใครก็รู้ว่าชายคนนี้มาจาก\nคอสมิคซิตี้แน่ๆ เขารีบยื่นมือมาคว้าไหล่ของสกายเลอร์ได้ทันก่อนที่เด็กน้อย\nจะหงายหลังลงไปกองกับพื้น\n\n\"ไม่เป็นไรใช่มั้ย ... เจ้าหนู?\" ชายคนนั้นถามด้วยใบหน้ายิ้มแย้ม\nแต่ด้วยอารามตกใจสกายเลอร์โค้งตัวขอโทษอย่างทันทีทันใด\n\n\"ขอโทษครับ\" เด็กชายมึนงงเล็กน้อย แล้วรีบวิ่งเลี้ยวโค้งหายไป ไม่\nได้รู้ตัวเลยว่าเผลอปล่อยสิ่งที่กำอยู่ในมือตกไปตั้งแต่ตอนไหน\n\nอะไรน่ะ\n\nชายคนนั้นคุกเข่าลงเพื่อหยิบสิ่งนั้นขึ้นมาตรวจดูอย่างละเอียดด้วย\nความสนใจ ภายนอกที่เห็นมันคือถุงมือมอมๆ ข้างหนึ่ง ที่ตอนนี้ยิ่งดูหมอง\nกว่าเดิมเพราะเปื้อนฝุ่นบนพื้น แต่พอมองจากสายตานักประดิษฐ์ก็ดูออก\nถุงมือนี้ถูกประดิษฐ์ขึ้นมาเอง เมื่อพลิกขึ้นมาดูก็เห็นสายไฟระโยงระยางอยู่\nด้านในเต็มไปหมด เขาจึงจับปลายด้านที่ใช้สำหรับสวม แล้วสะบัดมันตีลง\nบนมืออีกข้างเพื่อให้ฝุ่นหลุดออกไป\nทันทีที่ทำเช่นนั้น ก็ปรากฏหน้าจอโฮโลแกรมฉายขึ้นมาจากถุงมือที่\nไม่สมประกอบ เป็นเวลาเดียวกับที่สกายเลอร์วิ่งกลับมาตามหามันพอดี เด็ก\nชายมองดูอย่างกระวนกระวาย สงสัยว่าชายคนนั้นคิดอย่างไรกับสิ่ง\nประดิษฐ์ของเขา\n\n\"น่าสนใจ\" ชายคนนั้นพูดพลางพลิกถุงมือในมืออย่างไม่วางตา\n\n\"เธอเป็นคนสร้าง ... เจ้าสิ่งนี้เองเหรอ?\"\n\nสกายเลอร์ลังเลอยู่ครู่หนึ่ง ไม่แน่ใจว่าเขาควรเปิดเผยจุดประสงค์ที่\nแท้จริงของสิ่งประดิษฐ์ดีหรือไม่ แต่บางอย่างในสีหน้าและแววตาของชาย\nคนนั้นกลับทำให้เขาเชื่อใจได้ง่าย\n\n\"ใช่แล้วครับ\" เด็กชายยิ้มแล้วพยักหน้า \"มันเป็นถุงมือที่สามารถ\nสร้างสภาวะแวดล้อมจำลอง หรือก็คืออุปกรณ์คู่ใจของซีโร่เดย์ยังไง\nละ\" พร้อมกับทำท่ายื่นเท้าเอวอย่างภูมิใจ\n\n\"น่าประทับใจมากเลยนะเด็กน้อย แต่ถ้าเธอสลับสายนี้กับเส้นนี้ มัน\nจะทำให้จอโฮโลแกรมเสถียรขึ้นนะ\"\n\nจอโฮโลแกรมที่เคยติดๆ ดับๆ ตอนนี้กลับชัดเจนและนิ่งสนิท ดวง\nตาของสกายเลอร์เบิกกว้างด้วยความประหลาดใจ\n\nคุณลุงคนนี้ไม่ตั้งคำถามเลย แถมยังเข้าใจระบบการทำงานของสิ่ง\nประดิษฐ์นี้ในทันที\n\nสุดยอด! เขาเป็นใครนะ\n\nสกายเลอร์ตัวน้อยศรัทธาชายคนนี้ได้ในเวลาอันสั้น\n\nไม่ใช่แค่เพราะเขาคือ ศาสตราจารย์วาเลนไทน์ แต่เขาเป็นถึงผู้\nอำนวยการวิจัยโครงการลับควอนิกม่า ของเมต้าเทค องค์กรที่ครอบครอง\nและควบคุมพลังงานทั้งหมดของคอสมิคซิตี้เอาไว้ จึงเข้าใจในสิ่งที่\nสกายเลอร์ประดิษฐ์อย่างง่ายดาย\n\n\"แล้วคงได้เจอกันอีกนะ เจ้าหนู\" ศจ. วาเลนไทน์ขยี้ผมเด็กน้อย\nอย่างเอ็นดู พร้อมยื่นถุงมือคืนให้กับเขา แล้วเด็กชายก็รีบเอาถุงมือกลับไป\nอวด ทิ้งให้คนแปลกหน้าที่เพิ่งกลับมาบ้านเกิดยืนมองจนหายลับไป\n\nบางทีเด็กคนนี้ อาจเป็น ...\n', 2, 0, '2025-04-27 14:34:32');

-- --------------------------------------------------------

--
-- Table structure for table `favorites`
--

CREATE TABLE `favorites` (
  `UserID` varchar(50) DEFAULT NULL,
  `Product_id` int(11) DEFAULT NULL
) ENGINE=InnoDB DEFAULT CHARSET=utf8 COLLATE=utf8_general_ci;

--
-- Dumping data for table `favorites`
--

INSERT INTO `favorites` (`UserID`, `Product_id`) VALUES
('a463b1e', 58),
('5728640', 73),
('5728640', 58),
('dc35824', 58),
('1640eed', 58),
('3f1addf', 58);

-- --------------------------------------------------------

--
-- Table structure for table `favorites_novel`
--

CREATE TABLE `favorites_novel` (
  `UserId` varchar(50) DEFAULT NULL,
  `novelId` int(11) DEFAULT NULL
) ENGINE=InnoDB DEFAULT CHARSET=utf8 COLLATE=utf8_general_ci;

--
-- Dumping data for table `favorites_novel`
--

INSERT INTO `favorites_novel` (`UserId`, `novelId`) VALUES
('c622abe', 6),
('c622abe', 5),
('c622abe', 4),
('c622abe', 1),
('c622abe', 7),
('df99d6c', 16),
('5728640', 17),
('5728640', 1),
('dc35824', 17),
('df99d6c', 17),
('3f1addf', 17),
('685d243', 17),
('685d243', 1);

-- --------------------------------------------------------

--
-- Table structure for table `member`
--

CREATE TABLE `member` (
  `ID` int(11) NOT NULL,
  `Name` varchar(255) NOT NULL DEFAULT '0',
  `description` text NOT NULL,
  `X` varchar(255) NOT NULL DEFAULT '0',
  `Tiktok` varchar(255) NOT NULL DEFAULT '0',
  `Youtube` varchar(255) NOT NULL DEFAULT '0',
  `iconimg` varchar(255) NOT NULL DEFAULT '0',
  `img` varchar(255) NOT NULL DEFAULT '0',
  `bgColor` varchar(255) NOT NULL DEFAULT '0'
) ENGINE=InnoDB DEFAULT CHARSET=utf8 COLLATE=utf8_general_ci;

--
-- Dumping data for table `member`
--

INSERT INTO `member` (`ID`, `Name`, `description`, `X`, `Tiktok`, `Youtube`, `iconimg`, `img`, `bgColor`) VALUES
(1, 'ZOE', ' สาวสวยน่ารักนามว่า \'โซอี้\' นักเดินทางข้ามเวลาที่ติดใจในโลกปัจจุบัน\r\nแน่นอนว่าคนน่ารักๆอย่างโซอี้ต้องเป็น Vtuber เท่านั้น!! พร้อมกันหรือยังที่จะทำให้โลกนี้เต็มไปด้วยความสนุกสุดปั่น!! ไปกัน!!', 'https://x.com/ZOEcvc', ' https://www.tiktok.com/@zoe.cvc_vtuber?_t=8sUBTQk3M5o&_r=1', 'https://www.youtube.com/@ZOEcvc', '/uploads/iconimg-1745579389356-534862266.png', '/uploads/img-1745722540176-586100649.png', '#feb8cf'),
(5, 'Roxy', ' ผู้พันสาวแห่ง กองกำลัง SIGMA IV ผู้ที่เปี่ยมไปด้วยความสามารถและ ความหน้าค้นหา แล้วเจอกัน', 'https://x.com/Roxy_CVC', 'https://www.tiktok.com/@Roxy_CVC', 'https://www.youtube.com/@ROXY_cvc', '/uploads/iconimg-1745656440164-394315114.png', '/uploads/img-1745659468701-656693460.png', '#CA171E'),
(6, 'Skyler ', 'เด็กหนุ่ม แฮกเกอร์ อัจฉริยะ ที่มีความ อ้องในตัว จำโค้ดแฮ็กไม่ได้เลยเผลอใจเป็นวีทูบเบอร์ แล้วพบกันนะครับ', 'https://x.com/SKYLERcvc', 'https://www.tiktok.com/@skyler_vtuber_cos', 'https://www.youtube.com/@SKYLERcvc', '/uploads/iconimg-1745657785391-231858296.png', '/uploads/img-1745657785393-812585920.png', '#5DC1D0'),
(7, 'TYRA', ' ผู้ช่วยสาวแสนสวย ของผู้พัน ROXY แห่งกองกำลัง SIGMA IV พร้อมที่จะแจกรักให้กับทุกคน', 'https://x.com/TYRA_CVC', 'https://www.tiktok.com/@tyracvc?lang=th-TH', 'https://www.youtube.com/@TYRAcvc', '/uploads/iconimg-1745660277345-313276435.png', '/uploads/img-1745660277347-731789727.png', '#D4A8C9'),
(8, 'FALEN', '\r\n', 'https://x.com/FALEN_CVC', 'https://www.tiktok.com/@falen_cvc', 'https://www.youtube.com/@falencvc', '/uploads/iconimg-1745660540768-398792690.png', '/uploads/img-1745660540769-680719548.png', '#BE9CD8'),
(9, 'ZEPHYROS', ' ', 'https://x.com/zephyros_lv', 'https://www.tiktok.com/@zephyros_lv', 'https://www.youtube.com/@ZephyrosLV', '/uploads/iconimg-1745660692254-420926170.png', '/uploads/img-1745660692254-930537959.png', '#4B4240');

-- --------------------------------------------------------

--
-- Table structure for table `novels`
--

CREATE TABLE `novels` (
  `id` int(11) NOT NULL,
  `title` varchar(255) NOT NULL,
  `description` text NOT NULL,
  `Count` int(11) DEFAULT 0,
  `cover_image` varchar(255) NOT NULL DEFAULT '',
  `created_at` timestamp NOT NULL DEFAULT current_timestamp(),
  `status` varchar(50) DEFAULT 'ยังไม่จบ',
  `author` varchar(50) DEFAULT NULL,
  `userid` varchar(50) DEFAULT NULL,
  `uploadby` varchar(50) DEFAULT NULL
) ENGINE=InnoDB DEFAULT CHARSET=utf8 COLLATE=utf8_general_ci;

--
-- Dumping data for table `novels`
--

INSERT INTO `novels` (`id`, `title`, `description`, `Count`, `cover_image`, `created_at`, `status`, `author`, `userid`, `uploadby`) VALUES
(1, 'การเกิดใหม่ของอังกฤษ', '“เพื่อรักษาการพัฒนาที่หลากหลายของอังกฤษ ฉันเชื่อว่าควรมีการตรวจสอบพฤติกรรมผูกขาดใน อุตสาหกรรมบางประเภทอย่างละเอียด ผู้ผูกขาด รวมถึงตระกูลเดวอนเชียร์ จำเป็นต้องเปิดพื้นที่ให้มากขึ้นสำหรับการแข่งขันเต็มรูปแบบในตลาด!”\n\nในปี 2022 ในสุนทรพจน์เปิดตัวต่อรัฐสภา คำกล่าวของนายกรัฐมนตรีหญิงคนใหม่ทำให้คนทั้งสถานที่เงียบงัน\n\nหนึ่งเดือนต่อมา นายกรัฐมนตรีถูกฟ้องร้องและปลดออกจากตำแหน่งเพราะปกป้องผู้ใต้บังคับบัญชาของเธอ\n\nชาวอังกฤษทุกคนไม่อาจแยกจากครอบครัวเดวอนเชียร์ได้ตั้งแต่เกิดจนตาย\n\nและตำนานของตระกูลนี้ก็เริ่มโด่งดังเกินอดีตนับตั้งแต่วันนั้นในปี 2002\n\nปีนั้นเอง บารอน คาเวนดิช ได้สืบทอดตำแหน่งดยุค', 11, '/uploads/88746s.jpg', '2025-04-13 21:49:48', 'ยังไม่จบ', 'admin', 'cefe48d', 'admin'),
(2, 'การเติบโตของออสเตรเลีย', '<br>', 1, '/uploads/cover-1744814684434-261493571.jpg', '2025-04-16 14:44:44', 'ยังไม่จบ', 'admin', 'cefe48d', 'admin'),
(17, 'Cosmic Vision Club ปลดล็อกมิติข้ามจักรวาลป่วนคูณสอง', 'พบกับการผจญภัยสู่โลกเหนือจินตนาการ การต่อสู้ในภารกิจสุดล้ำ ของ‘สกายเลอร์’แฮกเกอร์หนุ่มผู้มี‘บั๊ก’ซะเองและสองสาวสฺดป่วนจากต่างมิติ พวกเขาจะทำอย่างไรกับหายนะที่ซ่อนเร้น ที่เปลี่ยนทุกสิ่งไปตลอดกาล', 2, '/uploads/image-1745764317427-361763937.png', '2025-04-27 14:31:57', 'ยังไม่จบ', 'plutonium', 'cefe48d', 'admin'),
(23, 'kh\'n', 'jgf', 0, '/uploads/image-1746509636783-119093618.jpg', '2025-05-06 05:33:57', 'ยังไม่จบ', 'mb/ j', 'cefe48d', 'admin');

-- --------------------------------------------------------

--
-- Table structure for table `novel_owner`
--

CREATE TABLE `novel_owner` (
  `UserID` varchar(50) DEFAULT NULL,
  `ChapterID` int(11) DEFAULT NULL,
  `novelID` int(11) DEFAULT NULL
) ENGINE=InnoDB DEFAULT CHARSET=utf8 COLLATE=utf8_general_ci;

--
-- Dumping data for table `novel_owner`
--

INSERT INTO `novel_owner` (`UserID`, `ChapterID`, `novelID`) VALUES
('1640eed', 1, 2),
('a463b1e', 11, 1),
('a463b1e', 1, 2),
('df99d6c', 11, 1),
('df99d6c', 1, 2),
('cefe48d', 11, 1),
('1640eed', 11, 1),
('cefe48d', 1, 2),
('dc35824', 11, 1);

-- --------------------------------------------------------

--
-- Table structure for table `orders`
--

CREATE TABLE `orders` (
  `OrderID` varchar(255) DEFAULT NULL,
  `UserID` varchar(255) DEFAULT NULL,
  `Product` longtext CHARACTER SET utf8mb4 COLLATE utf8mb4_bin DEFAULT NULL CHECK (json_valid(`Product`)),
  `Address` longtext CHARACTER SET utf8mb4 COLLATE utf8mb4_bin DEFAULT NULL CHECK (json_valid(`Address`)),
  `Total` float DEFAULT NULL,
  `Status` varchar(255) DEFAULT '',
  `totalAfterCoins` float DEFAULT NULL,
  `Post_Tracking` varchar(255) DEFAULT NULL,
  `order_date` datetime NOT NULL DEFAULT current_timestamp(),
  `payby` varchar(255) DEFAULT NULL,
  `is_read` int(11) DEFAULT 0
) ENGINE=InnoDB DEFAULT CHARSET=utf8 COLLATE=utf8_general_ci;

--
-- Dumping data for table `orders`
--

INSERT INTO `orders` (`OrderID`, `UserID`, `Product`, `Address`, `Total`, `Status`, `totalAfterCoins`, `Post_Tracking`, `order_date`, `payby`, `is_read`) VALUES
('LSV-23042025-1', 'df99d6c', '[{\"product_id\":56,\"name\":\"Cosmic Vision Club เล่มที่ 3\",\"quantity\":1,\"img\":\"http://lestialv.ddns.net/Server/uploads/image-1741017489028-446402481.jpg\",\"price\":259,\"description\":\"พบกับการผจญภัยสู่โลกเหนือจินตนาการ การต่อสู้ในภารกิจสุดส้ำ ของ\'สกายเลอร์\'แฮกเกอร์หนุ่มผู้มี\'บั๊ก\'ซะเองและสองสาวสุดป่วนจากต่างมิติ พวกเขาจะทำ อย่างไรกับหายนะที่ซ่อนเร้น ที่เปลี่ยนทุกสิ่งไปตลอดกาลใน Cosmic Vision Club ปลดล็อคมิติ ข้ามจักรวาล ป่วนคูณสอง\"}]', '{\"name\":\"วีระพล ขอร้อง\",\"phone\":\"0956790178\",\"full_address\":\"5/8 ไม้งาม เมืองตาก ตาก 63000\"}', 259, 'ยกเลิกคำสั่งซื้อ', 0, NULL, '2025-04-23 19:40:48', NULL, 1),
('LSV-23042025-2', 'df99d6c', '[{\"product_id\":64,\"name\":\"asd\",\"quantity\":1,\"img\":\"http://lestialv.ddns.net/Server/uploads/image-1741079256556-184255819.png\",\"price\":10,\"description\":\"\"}]', '{\"name\":\"วีระพล ขอร้อง\",\"phone\":\"0956790178\",\"full_address\":\"379/14 สันทรายน้อย สันทราย เชียงใหม่ 50100\"}', 10, 'ยกเลิกคำสั่งซื้อ', 0, NULL, '2025-04-23 19:41:44', NULL, 1),
('LSV-23042025-3', 'df99d6c', '[{\"product_id\":67,\"name\":\"qew\",\"quantity\":1,\"img\":\"http://lestialv.ddns.net/Server/uploads/image-1745386805432-830067999.jpg\",\"price\":190,\"description\":\"\"}]', '{\"name\":\"วีระพล ขอร้อง\",\"phone\":\"0956790178\",\"full_address\":\"379/14 สันทรายน้อย สันทราย เชียงใหม่ 50100\"}', 190, 'ยกเลิกคำสั่งซื้อ', 0, NULL, '2025-04-23 20:38:56', NULL, 1),
('LSV-23042025-4', 'df99d6c', '[{\"product_id\":65,\"name\":\"ทดสอบ\",\"quantity\":1,\"img\":\"http://lestialv.ddns.net/Server/uploads/image-1741079324416-287568737.png\",\"price\":1000,\"description\":\"ทดสอบ\"}]', '{\"name\":\"วีระพล ขอร้อง\",\"phone\":\"0956790178\",\"full_address\":\"379/14 สันทรายน้อย สันทราย เชียงใหม่ 50100\"}', 1000, 'ยกเลิกคำสั่งซื้อ', 0, NULL, '2025-04-23 20:42:40', NULL, 1),
('LSV-23042025-5', 'df99d6c', '[{\"product_id\":65,\"name\":\"ทดสอบ\",\"quantity\":1,\"img\":\"http://lestialv.ddns.net/Server/uploads/image-1741079324416-287568737.png\",\"price\":1000,\"description\":\"ทดสอบ\"}]', '{\"name\":\"วีระพล ขอร้อง\",\"phone\":\"0956790178\",\"full_address\":\"5/8 ไม้งาม เมืองตาก ตาก 63000\"}', 1000, 'ยกเลิกคำสั่งซื้อ', 0, NULL, '2025-04-23 20:45:35', NULL, 1),
('LSV-23042025-6', 'df99d6c', '[{\"product_id\":68,\"name\":\"23d\",\"quantity\":2,\"img\":\"http://lestialv.ddns.net/Server/null\",\"price\":189,\"description\":\"\"},{\"product_id\":67,\"name\":\"qew\",\"quantity\":2,\"img\":\"http://lestialv.ddns.net/Server/uploads/image-1745386805432-830067999.jpg\",\"price\":190,\"description\":\"\"}]', '{\"name\":\"วีระพล ขอร้อง\",\"phone\":\"0956790178\",\"full_address\":\"379/14 สันทรายน้อย สันทราย เชียงใหม่ 50100\"}', 758, 'ยกเลิกคำสั่งซื้อ', 0, NULL, '2025-04-23 20:53:22', NULL, 1),
('LSV-23042025-7', 'df99d6c', '[{\"product_id\":68,\"name\":\"23d\",\"quantity\":2,\"img\":\"http://lestialv.ddns.net/Server/null\",\"price\":189,\"description\":\"\"}]', '{\"name\":\"วีระพล ขอร้อง\",\"phone\":\"0956790178\",\"full_address\":\"379/14 สันทรายน้อย สันทราย เชียงใหม่ 50100\"}', 378, 'พนักงานรับคำสั่งซื้อ', 0, NULL, '2025-04-23 20:54:32', NULL, 1),
('LSV-23042025-8', '1640eed', '[{\"product_id\":57,\"name\":\"ZOE KeyChain\",\"quantity\":1,\"img\":\"http://lestialv.ddns.net/Server/uploads/image-1741018996636-73324777.png\",\"price\":89,\"description\":\"Acrylic KeyChain - Size 8 cm.\"}]', '{\"name\":\"NishiKi YuKi\",\"phone\":\"0882726048\",\"full_address\":\"41/1 ตาก แม่ต้าน ตาก 63150\"}', 89, 'ยกเลิกคำสั่งซื้อ', 0, NULL, '2025-04-23 20:57:56', NULL, 1),
('LSV-23042025-9', 'df99d6c', '[{\"product_id\":66,\"name\":\"da\",\"quantity\":1,\"img\":\"http://lestialv.ddns.net/Server/null\",\"price\":99,\"description\":\"\"}]', '{\"name\":\"วีระพล ขอร้อง\",\"phone\":\"0956790178\",\"full_address\":\"379/14 สันทรายน้อย สันทราย เชียงใหม่ 50100\"}', 99, 'ยกเลิกคำสั่งซื้อ', 0, NULL, '2025-04-23 21:19:30', NULL, 1),
('LSV-24042025-1', 'df99d6c', '[{\"product_id\":67,\"name\":\"qew\",\"quantity\":1,\"img\":\"https://lestialv.ddns.net/Server/uploads/image-1745386805432-830067999.jpg\",\"price\":190,\"description\":\"\"}]', '{\"name\":\"วีระพล ขอร้อง\",\"phone\":\"0956790178\",\"full_address\":\"379/14 สันทรายน้อย สันทราย เชียงใหม่ 50100\"}', 190, 'ยกเลิกคำสั่งซื้อ', 0, NULL, '2025-04-24 02:14:22', NULL, 1),
('LSV-24042025-2', 'df99d6c', '[{\"product_id\":63,\"name\":\"12edasd\",\"quantity\":1,\"img\":\"https://lestialv.ddns.net/Server/uploads/image-1741079160150-54774919.png\",\"price\":112,\"description\":\"asb\"}]', '{\"name\":\"วีระพล ขอร้อง\",\"phone\":\"0956790178\",\"full_address\":\"379/14 สันทรายน้อย สันทราย เชียงใหม่ 50100\"}', 112, 'ยกเลิกคำสั่งซื้อ', 0, NULL, '2025-04-24 02:16:07', NULL, 1),
('LSV-24042025-3', 'df99d6c', '[{\"product_id\":67,\"name\":\"qew\",\"quantity\":1,\"img\":\"https://lestialv.ddns.net/Server/uploads/image-1745386805432-830067999.jpg\",\"price\":190,\"description\":\"\"}]', '{\"name\":\"วีระพล ขอร้อง\",\"phone\":\"0956790178\",\"full_address\":\"379/14 สันทรายน้อย สันทราย เชียงใหม่ 50100\"}', 190, 'พนักงานรับคำสั่งซื้อ', 0, NULL, '2025-04-24 14:56:23', NULL, 1),
('LSV-24042025-4', 'df99d6c', '[{\"product_id\":67,\"name\":\"qew\",\"quantity\":1,\"img\":\"https://lestialv.ddns.net/Server/uploads/image-1745386805432-830067999.jpg\",\"price\":190,\"description\":\"\"}]', '{\"name\":\"วีระพล ขอร้อง\",\"phone\":\"0956790178\",\"full_address\":\"379/14 โป่งแดง ขามทะเลสอ นครราชสีมา 30280\"}', 190, 'ยกเลิกคำสั่งซื้อ', 0, NULL, '2025-04-24 14:57:56', NULL, 1),
('LSV-24042025-5', 'df99d6c', '[{\"product_id\":67,\"name\":\"qew\",\"quantity\":3,\"img\":\"https://lestialv.ddns.net/Server/uploads/image-1745386805432-830067999.jpg\",\"price\":190,\"description\":\"\"}]', '{\"name\":\"วีระพล ขอร้อง\",\"phone\":\"0956790178\",\"full_address\":\"379/14 สันทรายน้อย สันทราย เชียงใหม่ 50100\"}', 570, 'ยกเลิกคำสั่งซื้อ', 0, NULL, '2025-04-24 19:40:42', NULL, 1),
('LSV-24042025-6', 'df99d6c', '[{\"product_id\":53,\"name\":\"Cosmic Vision Club เล่มที่ 1\",\"quantity\":99,\"img\":\"https://lestialv.ddns.net/Server/uploads/image-1741016768676-270505140.png\",\"price\":259,\"description\":\"พบกับการผจญภัยสู่โลกเหนือจินตนาการ การต่อสู้ในภารกิจสุดส้ำ ของ\'สกายเลอร์\'แฮกเกอร์หนุ่มผู้มี\'บั๊ก\'ซะเองและสองสาวสุดป่วนจากต่างมิติ พวกเขาจะทำอย่างไรกับหายนะที่ซ่อนเร้น ที่เปลี่ยนทุกสิ่งไปตลอดกาลใน Cosmic Vision Club ปลดล็อคมิติ ข้ามจักรวาล ป่วนคูณสอง\"}]', '{\"name\":\"วีระพล ขอร้อง\",\"phone\":\"0956790178\",\"full_address\":\"379/14 สันทรายน้อย สันทราย เชียงใหม่ 50100\"}', 25641, 'รอพนักงานรับคำสั่งซื้อ', 24468, NULL, '2025-03-24 20:09:12', NULL, 1),
('LSV-25042025-1', 'df99d6c', '[{\"product_id\":67,\"name\":\"qew\",\"quantity\":2,\"img\":\"https://lestialv.ddns.net/Server/uploads/image-1745386805432-830067999.jpg\",\"price\":190,\"description\":\"\"}]', '{\"name\":\"วีระพล ขอร้อง\",\"phone\":\"0956790178\",\"full_address\":\"379/14 สันทรายน้อย สันทราย เชียงใหม่ 50100\"}', 380, 'ยกเลิกคำสั่งซื้อ', 330, NULL, '2025-04-25 02:01:11', NULL, 1),
('LSV-25042025-2', 'df99d6c', '[{\"product_id\":66,\"name\":\"da\",\"quantity\":1,\"img\":\"https://lestialv.ddns.net/Server/null\",\"price\":99,\"description\":\"\"}]', '{\"name\":\"วีระพล ขอร้อง\",\"phone\":\"0956790178\",\"full_address\":\"379/14 สันทรายน้อย สันทราย เชียงใหม่ 50100\"}', 99, 'ยกเลิกคำสั่งซื้อ', 49, NULL, '2025-04-25 02:03:48', NULL, 1),
('LSV-25042025-3', 'df99d6c', '[{\"product_id\":66,\"name\":\"da\",\"quantity\":1,\"img\":\"https://lestialv.ddns.net/Server/null\",\"price\":99,\"description\":\"\"}]', '{\"name\":\"วีระพล ขอร้อง\",\"phone\":\"0956790178\",\"full_address\":\"379/14 สันทรายน้อย สันทราย เชียงใหม่ 50100\"}', 99, 'ยกเลิกคำสั่งซื้อ', 49, NULL, '2025-04-25 02:05:51', NULL, 1),
('LSV-25042025-4', 'df99d6c', '[{\"product_id\":66,\"name\":\"da\",\"quantity\":1,\"img\":\"https://lestialv.ddns.net/Server/null\",\"price\":99,\"description\":\"\"}]', '{\"name\":\"วีระพล ขอร้อง\",\"phone\":\"0956790178\",\"full_address\":\"379/14 สันทรายน้อย สันทราย เชียงใหม่ 50100\"}', 99, 'ยกเลิกคำสั่งซื้อ', 0, NULL, '2025-04-25 02:07:02', NULL, 1),
('LSV-25042025-5', 'df99d6c', '[{\"product_id\":68,\"name\":\"23d\",\"quantity\":1,\"img\":\"https://lestialv.ddns.net/Server/null\",\"price\":189,\"description\":\"\"}]', '{\"name\":\"วีระพล ขอร้อง\",\"phone\":\"0956790178\",\"full_address\":\"379/14 สันทรายน้อย สันทราย เชียงใหม่ 50100\"}', 189, 'ยกเลิกคำสั่งซื้อ', 90, NULL, '2025-04-25 02:08:16', NULL, 1),
('LSV-25042025-6', 'df99d6c', '[{\"product_id\":66,\"name\":\"da\",\"quantity\":1,\"img\":\"https://lestialv.ddns.net/Server/null\",\"price\":99,\"description\":\"\"}]', '{\"name\":\"วีระพล ขอร้อง\",\"phone\":\"0956790178\",\"full_address\":\"379/14 สันทรายน้อย สันทราย เชียงใหม่ 50100\"}', 99, 'ยกเลิกคำสั่งซื้อ', 49, NULL, '2025-04-25 02:09:49', NULL, 1),
('LSV-25042025-7', 'df99d6c', '[{\"product_id\":66,\"name\":\"da\",\"quantity\":1,\"img\":\"https://lestialv.ddns.net/Server/null\",\"price\":99,\"description\":\"\"}]', '{\"name\":\"วีระพล ขอร้อง\",\"phone\":\"0956790178\",\"full_address\":\"379/14 สันทรายน้อย สันทราย เชียงใหม่ 50100\"}', 99, 'ยกเลิกคำสั่งซื้อ', 0, NULL, '2025-04-25 02:11:44', NULL, 1),
('LSV-25042025-8', 'df99d6c', '[{\"product_id\":68,\"name\":\"23d\",\"quantity\":1,\"img\":\"https://lestialv.ddns.net/Server/null\",\"price\":189,\"description\":\"\"}]', '{\"name\":\"วีระพล ขอร้อง\",\"phone\":\"0956790178\",\"full_address\":\"379/14 สันทรายน้อย สันทราย เชียงใหม่ 50100\"}', 189, 'ยกเลิกคำสั่งซื้อ', 40, NULL, '2025-04-25 02:23:02', 'coins_and_promptpay', 1),
('LSV-25042025-9', 'df99d6c', '[{\"product_id\":66,\"name\":\"da\",\"quantity\":16,\"img\":\"https://lestialv.ddns.net/Server/null\",\"price\":99,\"description\":\"\"}]', '{\"name\":\"วีระพล ขอร้อง\",\"phone\":\"0956790178\",\"full_address\":\"379/14 สันทรายน้อย สันทราย เชียงใหม่ 50210\"}', 1584, 'ยกเลิกคำสั่งซื้อ', 0, NULL, '2025-04-25 04:18:07', 'promptpay', 1),
('LSV-25042025-10', 'df99d6c', '[{\"product_id\":66,\"name\":\"da\",\"quantity\":1,\"img\":\"https://lestialv.ddns.net/Server/null\",\"price\":99,\"description\":\"\"}]', '{\"name\":\"วีระพล ขอร้อง\",\"phone\":\"0956790178\",\"full_address\":\"379/14 สันทรายน้อย สันทราย เชียงใหม่ 50210\"}', 99, 'ยกเลิกคำสั่งซื้อ', 0, NULL, '2025-04-25 04:20:12', 'coins_and_promptpay', 1),
('LSV-25042025-11', '1640eed', '[{\"product_id\":63,\"name\":\"12edasd\",\"quantity\":1,\"img\":\"https://lestialv.ddns.net/Server/uploads/image-1741079160150-54774919.png\",\"price\":112,\"description\":\"asb\"}]', '{\"name\":\"NishiKi YuKi\",\"phone\":\"0882726048\",\"full_address\":\"41/1 ตาก แม่ต้าน ตาก 63150\"}', 112, 'ยกเลิกคำสั่งซื้อ', 0, NULL, '2025-04-25 04:53:18', 'coins', 1),
('LSV-25042025-12', NULL, '[{\"product_id\":65,\"name\":\"ทดสอบ\",\"quantity\":1,\"img\":\"https://lestialv.ddns.net/Server/uploads/image-1741079324416-287568737.png\",\"price\":1000,\"description\":\"ทดสอบ\"}]', '{\"name\":\"วีระพล ขอร้อง\",\"phone\":\"0956790178\",\"full_address\":\"379/14 สันทรายน้อย สันทราย เชียงใหม่ 50210\"}', 1000, 'รอการชำระเงิน', 851, NULL, '2025-04-25 09:34:00', 'coins_and_promptpay', 1),
('LSV-25042025-13', 'df99d6c', '[{\"product_id\":65,\"name\":\"ทดสอบ\",\"quantity\":1,\"img\":\"https://lestialv.ddns.net/Server/uploads/image-1741079324416-287568737.png\",\"price\":1000,\"description\":\"ทดสอบ\"}]', '{\"name\":\"วีระพล ขอร้อง\",\"phone\":\"0956790178\",\"full_address\":\"379/14 สันทรายน้อย สันทราย เชียงใหม่ 50210\"}', 1000, 'ยกเลิกคำสั่งซื้อ', 0, NULL, '2025-04-25 09:37:41', 'promptpay', 1),
('LSV-25042025-14', 'df99d6c', '[{\"product_id\":65,\"name\":\"ทดสอบ\",\"quantity\":1,\"img\":\"https://lestialv.ddns.net/Server/uploads/image-1741079324416-287568737.png\",\"price\":1000,\"description\":\"ทดสอบ\"}]', '{\"name\":\"วีระพล ขอร้อง\",\"phone\":\"0956790178\",\"full_address\":\"379/14 สันทรายน้อย สันทราย เชียงใหม่ 50210\"}', 1000, 'ยกเลิกคำสั่งซื้อ', 851, NULL, '2025-04-25 09:38:26', 'coins_and_promptpay', 1),
('LSV-25042025-15', 'df99d6c', '[{\"product_id\":62,\"name\":\"t-shirt\",\"quantity\":1,\"img\":\"https://lestialv.ddns.net/Server/uploads/image-1741078495022-964979378.jpg\",\"price\":60,\"description\":\"\"}]', '{\"name\":\"วีระพล ขอร้อง\",\"phone\":\"0956790178\",\"full_address\":\"379/14 สันทรายน้อย สันทราย เชียงใหม่ 50210\"}', 60, 'ยกเลิกคำสั่งซื้อ', 0, NULL, '2025-04-25 09:39:19', 'coins_and_promptpay', 1),
('LSV-25042025-16', '1640eed', '[{\"product_id\":57,\"name\":\"ZOE KeyChain\",\"quantity\":1,\"img\":\"https://lestialv.ddns.net/Server/uploads/image-1741018996636-73324777.png\",\"price\":89,\"description\":\"Acrylic KeyChain - Size 8 cm.\"}]', '{\"name\":\"NishiKi YuKi\",\"phone\":\"0882726048\",\"full_address\":\"41/1 ตาก แม่ต้าน ตาก 63150\"}', 89, 'ยกเลิกคำสั่งซื้อ', 50, NULL, '2025-04-25 12:32:02', 'coins_and_promptpay', 1),
('LSV-26042025-1', 'df99d6c', '[{\"product_id\":58,\"name\":\"DAY LIGHT - SILVER NIGHT Standee\",\"quantity\":1,\"img\":\"https://lestialv.ddns.net/Server/uploads/image-1741019089165-614336847.png\",\"price\":490,\"description\":\"DAY LIGHT - SILVER NIGHT Acrylic Standee Size 15 cm.\"}]', '{\"name\":\"วีระพล ขอร้อง\",\"phone\":\"0956790178\",\"full_address\":\"379/14 สันทรายน้อย สันทราย เชียงใหม่ 50210\"}', 490, 'พนักงานรับคำสั่งซื้อ', 341, NULL, '2025-04-26 18:43:29', 'coins_and_promptpay', 1),
('LSV-26042025-2', NULL, '[{\"product_id\":73,\"name\":\"MIDNIGHT - SILVER NIGHT Standee\",\"quantity\":1,\"img\":\"https://lestialv.ddns.net/Server/uploads/image-1745650796607-51124837.png\",\"price\":490,\"description\":\"MIDNIGHT- SILVER NIGHT Acrylic Standee Size 15 cm.\"}]', '{\"name\":\"วีระพล ขอร้อง\",\"phone\":\"0956790178\",\"full_address\":\"379/14 สันทรายน้อย สันทราย เชียงใหม่ 50210\"}', 490, 'รอการชำระเงิน', 490, NULL, '2025-04-26 20:19:42', 'coins_and_promptpay', 1),
('LSV-26042025-3', NULL, '[{\"product_id\":73,\"name\":\"MIDNIGHT - SILVER NIGHT Standee\",\"quantity\":1,\"img\":\"https://lestialv.ddns.net/Server/uploads/image-1745650796607-51124837.png\",\"price\":490,\"description\":\"MIDNIGHT- SILVER NIGHT Acrylic Standee Size 15 cm.\"}]', '{\"name\":\"วีระพล ขอร้อง\",\"phone\":\"0956790178\",\"full_address\":\"379/14 สันทรายน้อย สันทราย เชียงใหม่ 50210\"}', 490, 'รอการชำระเงิน', 490, NULL, '2025-04-26 20:19:53', 'coins_and_promptpay', 1),
('LSV-26042025-4', NULL, '[{\"product_id\":73,\"name\":\"MIDNIGHT - SILVER NIGHT Standee\",\"quantity\":1,\"img\":\"https://lestialv.ddns.net/Server/uploads/image-1745650796607-51124837.png\",\"price\":490,\"description\":\"MIDNIGHT- SILVER NIGHT Acrylic Standee Size 15 cm.\"}]', '{\"name\":\"วีระพล ขอร้อง\",\"phone\":\"0956790178\",\"full_address\":\"379/14 สันทรายน้อย สันทราย เชียงใหม่ 50210\"}', 490, 'รอการชำระเงิน', 490, NULL, '2025-04-26 20:20:02', 'coins_and_promptpay', 1),
('LSV-26042025-5', NULL, '[{\"product_id\":73,\"name\":\"MIDNIGHT - SILVER NIGHT Standee\",\"quantity\":1,\"img\":\"https://lestialv.ddns.net/Server/uploads/image-1745650796607-51124837.png\",\"price\":490,\"description\":\"MIDNIGHT- SILVER NIGHT Acrylic Standee Size 15 cm.\"}]', '{\"name\":\"วีระพล ขอร้อง\",\"phone\":\"0956790178\",\"full_address\":\"379/14 สันทรายน้อย สันทราย เชียงใหม่ 50210\"}', 490, 'รอการชำระเงิน', 490, NULL, '2025-04-26 20:20:41', 'coins_and_promptpay', 1),
('LSV-26042025-6', 'df99d6c', '[{\"product_id\":73,\"name\":\"MIDNIGHT - SILVER NIGHT Standee\",\"quantity\":1,\"img\":\"https://lestialv.ddns.net/Server/uploads/image-1745650796607-51124837.png\",\"price\":490,\"description\":\"MIDNIGHT- SILVER NIGHT Acrylic Standee Size 15 cm.\"}]', '{\"name\":\"วีระพล ขอร้อง\",\"phone\":\"0956790178\",\"full_address\":\"379/14 สันทรายน้อย สันทราย เชียงใหม่ 50210\"}', 490, 'ยกเลิกคำสั่งซื้อ', 490, NULL, '2025-04-26 20:23:23', 'coins_and_promptpay', 1),
('LSV-26042025-7', '09f0126', '[{\"product_id\":58,\"name\":\"DAY LIGHT - SILVER NIGHT Standee\",\"quantity\":1,\"img\":\"https://lestialv.ddns.net/Server/uploads/image-1741019089165-614336847.png\",\"price\":490,\"description\":\"DAY LIGHT - SILVER NIGHT Acrylic Standee Size 15 cm.\"}]', '{\"name\":\"NishiKi YuKi\",\"phone\":\"0882726048\",\"full_address\":\"41/1 แม่ต้าน ท่าสองยาง ตาก 63150\"}', 490, 'ยกเลิกคำสั่งซื้อ', 0, NULL, '2025-04-26 23:46:14', 'promptpay', 1),
('LSV-27042025-1', 'a463b1e', '[{\"product_id\":58,\"name\":\"DAY LIGHT - SILVER NIGHT Standee\",\"quantity\":2,\"img\":\"https://lestialv.ddns.net/Server/uploads/image-1741019089165-614336847.png\",\"price\":490,\"description\":\"DAY LIGHT - SILVER NIGHT Acrylic Standee Size 15 cm.\"},{\"product_id\":73,\"name\":\"MIDNIGHT - SILVER NIGHT Standee\",\"quantity\":1,\"img\":\"https://lestialv.ddns.net/Server/uploads/image-1745650796607-51124837.png\",\"price\":490,\"description\":\"MIDNIGHT- SILVER NIGHT Acrylic Standee Size 15 cm.\"}]', '{\"name\":\"NishiKi YuKi\",\"phone\":\"0882726048\",\"full_address\":\"41/1 แม่ต้าน ท่าสองยาง ตาก 63150\"}', 1470, 'พนักงานจัดส่ง', 0, 'th2254678', '2025-04-27 14:54:30', 'promptpay', 1),
('LSV-27042025-2', '1640eed', '[{\"product_id\":57,\"name\":\"ZOE KeyChain\",\"quantity\":1,\"img\":\"https://lestialv.ddns.net/Server/uploads/image-1741018996636-73324777.png\",\"price\":89,\"description\":\"Acrylic KeyChain - Size 8 cm.\"}]', '{\"name\":\"NishiKi YuKi\",\"phone\":\"0882726048\",\"full_address\":\"41/1 ตาก แม่ต้าน ตาก 63150\"}', 89, 'รอพนักงานรับคำสั่งซื้อ', 0, NULL, '2025-04-27 15:04:00', 'coins', 1),
('LSV-27042025-3', '1640eed', '[{\"product_id\":58,\"name\":\"DAY LIGHT - SILVER NIGHT Standee\",\"quantity\":1,\"img\":\"https://lestialv.ddns.net/Server/uploads/image-1741019089165-614336847.png\",\"price\":490,\"description\":\"DAY LIGHT - SILVER NIGHT Acrylic Standee Size 15 cm.\"}]', '{\"name\":\"NishiKi YuKi\",\"phone\":\"0882726048\",\"full_address\":\"41/1 ตาก แม่ต้าน ตาก 63150\"}', 490, 'รอการชำระเงิน', 0, NULL, '2025-04-27 15:11:14', 'promptpay', 1),
('LSV-27042025-4', NULL, '[{\"product_id\":58,\"name\":\"DAY LIGHT - SILVER NIGHT Standee\",\"quantity\":1,\"img\":\"https://lestialv.ddns.net/Server/uploads/image-1741019089165-614336847.png\",\"price\":490,\"description\":\"DAY LIGHT - SILVER NIGHT Acrylic Standee Size 15 cm.\"}]', '{\"name\":\"วีระพล ขอร้อง\",\"phone\":\"0956790178\",\"full_address\":\"379/14 สันทรายน้อย สันทราย เชียงใหม่ 50210\"}', 490, 'รอการชำระเงิน', 0, NULL, '2025-04-27 15:17:23', 'promptpay', 1),
('LSV-27042025-5', 'df99d6c', '[{\"product_id\":58,\"name\":\"DAY LIGHT - SILVER NIGHT Standee\",\"quantity\":1,\"img\":\"https://lestialv.ddns.net/Server/uploads/image-1741019089165-614336847.png\",\"price\":490,\"description\":\"DAY LIGHT - SILVER NIGHT Acrylic Standee Size 15 cm.\"}]', '{\"name\":\"วีระพล ขอร้อง\",\"phone\":\"0956790178\",\"full_address\":\"379/14 สันทรายน้อย สันทราย เชียงใหม่ 50210\"}', 490, 'ยกเลิกคำสั่งซื้อ', 0, NULL, '2025-04-27 15:17:58', 'promptpay', 1),
('LSV-27042025-6', 'df99d6c', '[{\"product_id\":62,\"name\":\"Oversized T-shirt\",\"quantity\":1,\"img\":\"https://lestialv.ddns.net/Server/uploads/image-1741078495022-964979378.jpg\",\"price\":490,\"description\":\"Oversized T-shirt (Size รอบอก 44\\\" ยาว 29\\\") : 490.-\"}]', '{\"name\":\"วีระพล ขอร้อง\",\"phone\":\"0956790178\",\"full_address\":\"379/14 สันทรายน้อย สันทราย เชียงใหม่ 50210\"}', 490, 'ยกเลิกคำสั่งซื้อ', 0, NULL, '2025-04-27 15:42:59', 'promptpay', 1),
('LSV-27042025-7', '1640eed', '[{\"product_id\":57,\"name\":\"ZOE KeyChain\",\"quantity\":1,\"img\":\"https://lestialv.ddns.net/Server/uploads/image-1741018996636-73324777.png\",\"price\":89,\"description\":\"Acrylic KeyChain - Size 8 cm.\"}]', '{\"name\":\"NishiKi YuKi\",\"phone\":\"0882726048\",\"full_address\":\"41/1 ตาก แม่ต้าน ตาก 63150\"}', 89, 'พนักงานจัดส่ง', 0, '9956814', '2025-04-27 16:58:28', 'coins', 1),
('LSV-27042025-8', 'df99d6c', '[{\"product_id\":57,\"name\":\"ZOE KeyChain\",\"quantity\":99,\"img\":\"https://lestialv.ddns.net/Server/uploads/image-1741018996636-73324777.png\",\"price\":89,\"description\":\"Acrylic KeyChain - Size 8 cm.\"}]', '{\"name\":\"วีระพล ขอร้อง\",\"phone\":\"0956790178\",\"full_address\":\"379/14 สันทรายน้อย สันทราย เชียงใหม่ 50210\"}', 8811, 'ยกเลิกคำสั่งซื้อ', 8761, NULL, '2025-04-27 16:59:34', 'coins_and_promptpay', 1),
('LSV-28042025-1', 'a463b1e', '[{\"product_id\":58,\"name\":\"DAY LIGHT - SILVER NIGHT Standee\",\"quantity\":1,\"img\":\"https://lestialv.ddns.net/Server/uploads/image-1741019089165-614336847.png\",\"price\":490,\"description\":\"DAY LIGHT - SILVER NIGHT Acrylic Standee Size 15 cm.\"}]', '{\"name\":\"NishiKi YuKi\",\"phone\":\"0882726048\",\"full_address\":\"41/1 แม่ต้าน ท่าสองยาง ตาก 63150\"}', 490, 'รอการชำระเงิน', 0, NULL, '2025-04-28 13:54:31', 'promptpay', 1),
('LSV-28042025-2', '5728640', '[{\"product_id\":72,\"name\":\"SKYLER KeyChain\",\"quantity\":1,\"img\":\"https://lestialv.ddns.net/Server/uploads/image-1745649575435-693436829.png\",\"price\":89,\"description\":\"Acrylic KeyChain - Size 8 cm.\"}]', '{\"name\":\"กษิดิศ วงศ์ต่อม\",\"phone\":\"0882726048\",\"full_address\":\"41/1 หมู่ที่ 2 แม่ต้าน ท่าสองยาง ตาก 63150\"}', 89, 'พนักงานจัดส่ง', 0, 'th2568444589', '2025-04-28 19:07:49', 'promptpay', 1),
('LSV-28042025-3', '5728640', '[{\"product_id\":73,\"name\":\"MIDNIGHT - SILVER NIGHT Standee\",\"quantity\":1,\"img\":\"https://lestialv.ddns.net/Server/uploads/image-1745650796607-51124837.png\",\"price\":490,\"description\":\"MIDNIGHT- SILVER NIGHT Acrylic Standee Size 15 cm.\"}]', '{\"name\":\"กษิดิศ วงศ์ต่อม\",\"phone\":\"0882726048\",\"full_address\":\"41/1 หมู่ที่ 2 แม่ต้าน ท่าสองยาง ตาก 63150\"}', 490, 'พนักงานจัดส่ง', 0, 'TH-215441DH544312', '2025-04-28 19:10:30', 'promptpay', 1),
('LSV-28042025-4', '5728640', '[{\"product_id\":62,\"name\":\"Oversized T-shirt\",\"quantity\":1,\"img\":\"https://lestialv.ddns.net/Server/uploads/image-1741078495022-964979378.jpg\",\"price\":490,\"description\":\"Oversized T-shirt (Size รอบอก 44\\\" ยาว 29\\\") : 490.-\"}]', '{\"name\":\"กษิดิศ วงศ์ต่อม\",\"phone\":\"0882726048\",\"full_address\":\"41/1 หมู่ที่ 2 แม่ต้าน ท่าสองยาง ตาก 63150\"}', 490, 'ยกเลิกคำสั่งซื้อ', 0, NULL, '2025-04-28 19:11:45', 'promptpay', 1),
('LSV-28042025-5', '5728640', '[{\"product_id\":72,\"name\":\"SKYLER KeyChain\",\"quantity\":1,\"img\":\"https://lestialv.ddns.net/Server/uploads/image-1745649575435-693436829.png\",\"price\":89,\"description\":\"Acrylic KeyChain - Size 8 cm.\"}]', '{\"name\":\"กษิดิศ วงศ์ต่อม\",\"phone\":\"0882726048\",\"full_address\":\"41/1 หมู่ที่ 2 แม่ต้าน ท่าสองยาง ตาก 63150\"}', 89, 'พนักงานรับคำสั่งซื้อ', 0, NULL, '2025-04-28 19:15:09', 'coins', 1),
('LSV-29042025-1', 'df99d6c', '[{\"product_id\":55,\"name\":\"Cosmic Vision Club เล่มที่ 2\",\"quantity\":99,\"img\":\"https://lestialv.ddns.net/Server/uploads/image-1741017263725-684360183.png\",\"price\":259,\"description\":\"พบกับการผจญภัยสู่โลกเหนือจินตนาการ การต่อสู้ในภารกิจสุดส้ำ ของ\'สกายเลอร์\'แฮกเกอร์หนุ่มผู้มี\'บั๊ก\'ซะเองและสองสาวสุดป่วนจากต่างมิติ พวกเขาจะทำ อย่างไรกับหายนะที่ซ่อนเร้น ที่เปลี่ยนทุกสิ่งไปตลอดกาลใน Cosmic Vision Club ปลดล็อคมิติ ข้ามจักรวาล ป่วนคูณสอง\"}]', '{\"name\":\"วีระพล ขอร้อง\",\"phone\":\"0956790178\",\"full_address\":\"379/14 สันทรายน้อย สันทราย เชียงใหม่ 50210\"}', 25641, 'ยกเลิกคำสั่งซื้อ', 0, NULL, '2025-04-29 01:13:21', 'promptpay', 1),
('LSV-29042025-2', '5728640', '[{\"product_id\":72,\"name\":\"SKYLER KeyChain\",\"quantity\":1,\"img\":\"https://lestialv.ddns.net/Server/uploads/image-1745649575435-693436829.png\",\"price\":89,\"description\":\"Acrylic KeyChain - Size 8 cm.\"}]', '{\"name\":\"กษิดิศ วงศ์ต่อม\",\"phone\":\"0882726048\",\"full_address\":\"41/1 หมู่ที่ 2 แม่ต้าน ท่าสองยาง ตาก 63150\"}', 89, 'รอพนักงานรับคำสั่งซื้อ', 39, NULL, '2025-04-29 05:11:25', 'coins_and_promptpay', 1),
('LSV-29042025-3', 'dc35824', '[{\"product_id\":72,\"name\":\"SKYLER KeyChain\",\"quantity\":1,\"img\":\"https://lestialv.ddns.net/Server/uploads/image-1745649575435-693436829.png\",\"price\":1,\"description\":\"Acrylic KeyChain - Size 8 cm.\"}]', '{\"name\":\"Weerapon Korong\",\"phone\":\"0956790178\",\"full_address\":\"374/14 สันทรายน้อย สันทราย เชียงใหม่ 50210\"}', 1, 'พนักงานจัดส่ง', 0, 'TH-123123124', '2025-04-29 11:11:47', 'coins', 1),
('LSV-29042025-4', 'dc35824', '[{\"product_id\":73,\"name\":\"MIDNIGHT - SILVER NIGHT Standee\",\"quantity\":1,\"img\":\"https://lestialv.ddns.net/Server/uploads/image-1745650796607-51124837.png\",\"price\":490,\"description\":\"MIDNIGHT- SILVER NIGHT Acrylic Standee Size 15 cm.\"}]', '{\"name\":\"Weerapon Korong\",\"phone\":\"0956790178\",\"full_address\":\"374/14 สันทรายน้อย สันทราย เชียงใหม่ 50210\"}', 490, 'ยกเลิกคำสั่งซื้อ', 1, NULL, '2025-04-29 11:43:53', 'coins_and_promptpay', 1),
('LSV-29042025-5', 'dc35824', '[{\"product_id\":58,\"name\":\"DAY LIGHT - SILVER NIGHT Standee\",\"quantity\":1,\"img\":\"https://lestialv.ddns.net/Server/uploads/image-1741019089165-614336847.png\",\"price\":490,\"description\":\"DAY LIGHT - SILVER NIGHT Acrylic Standee Size 15 cm.\"}]', '{\"name\":\"Weerapon Korong\",\"phone\":\"0956790178\",\"full_address\":\"374/14 สันทรายน้อย สันทราย เชียงใหม่ 50210\"}', 490, 'รอการชำระเงิน', 1, NULL, '2025-04-29 11:46:13', 'coins_and_promptpay', 1),
('LSV-29042025-6', 'df99d6c', '[{\"product_id\":73,\"name\":\"MIDNIGHT - SILVER NIGHT Standee\",\"quantity\":1,\"img\":\"https://lestialv.ddns.net/Server/uploads/image-1745650796607-51124837.png\",\"price\":490,\"description\":\"MIDNIGHT- SILVER NIGHT Acrylic Standee Size 15 cm.\"}]', '{\"name\":\"วีระพล ขอร้อง\",\"phone\":\"0956790178\",\"full_address\":\"379/14 สันทรายน้อย สันทราย เชียงใหม่ 50210\"}', 490, 'ยกเลิกคำสั่งซื้อ', 0, NULL, '2025-04-29 13:38:49', 'promptpay', 1),
('LSV-29042025-7', 'df99d6c', '[{\"product_id\":73,\"name\":\"MIDNIGHT - SILVER NIGHT Standee\",\"quantity\":1,\"img\":\"https://lestialv.ddns.net/Server/uploads/image-1745650796607-51124837.png\",\"price\":490,\"description\":\"MIDNIGHT- SILVER NIGHT Acrylic Standee Size 15 cm.\"}]', '{\"name\":\"วีระพล ขอร้อง\",\"phone\":\"0956790178\",\"full_address\":\"379/14 สันทรายน้อย สันทราย เชียงใหม่ 50210\"}', 490, 'ยกเลิกคำสั่งซื้อ', 440, NULL, '2025-04-29 13:39:06', 'coins_and_promptpay', 1),
('LSV-04052025-1', 'df99d6c', '[{\"product_id\":58,\"name\":\"DAY LIGHT - SILVER NIGHT Standee\",\"quantity\":10,\"img\":\"https://lestialv.ddns.net/Server/uploads/image-1741019089165-614336847.png\",\"price\":490,\"description\":\"DAY LIGHT - SILVER NIGHT Acrylic Standee Size 15 cm.\"}]', '{\"name\":\"วีระพล ขอร้อง\",\"phone\":\"0956790178\",\"full_address\":\"379/14 สันทรายน้อย สันทราย เชียงใหม่ 50210\"}', 4900, 'พนักงานรับคำสั่งซื้อ', 0, NULL, '2025-01-01 16:19:28', 'promptpay', 1),
('LSV-04052025-2', 'df99d6c', '[{\"product_id\":58,\"name\":\"DAY LIGHT - SILVER NIGHT Standee\",\"quantity\":10,\"img\":\"https://lestialv.ddns.net/Server/uploads/image-1741019089165-614336847.png\",\"price\":490,\"description\":\"DAY LIGHT - SILVER NIGHT Acrylic Standee Size 15 cm.\"}]', '{\"name\":\"วีระพล ขอร้อง\",\"phone\":\"0956790178\",\"full_address\":\"379/14 สันทรายน้อย สันทราย เชียงใหม่ 50210\"}', 4900, 'พนักงานรับคำสั่งซื้อ', 0, NULL, '2025-01-01 16:20:28', 'promptpay', 1),
('LSV-05052025-1', '1640eed', '[{\"product_id\":58,\"name\":\"DAY LIGHT - SILVER NIGHT Standee\",\"quantity\":1,\"img\":\"https://lestialv.ddns.net/Server/uploads/image-1741019089165-614336847.png\",\"price\":490,\"description\":\"DAY LIGHT - SILVER NIGHT Acrylic Standee Size 15 cm.\"}]', '{\"name\":\"NishiKi YuKi\",\"phone\":\"0882726048\",\"full_address\":\"41/1 ตาก แม่ต้าน ตาก 63150\"}', 490, 'พนักงานจัดส่ง', 0, 'th2568444589', '2025-05-05 17:18:33', 'coins', 1),
('LSV-06052025-1', '3f1addf', '[{\"product_id\":57,\"name\":\"ZOE KeyChain\",\"quantity\":1,\"img\":\"https://lestialv.ddns.net/Server/uploads/image-1741018996636-73324777.png\",\"price\":89,\"description\":\"Acrylic KeyChain - Size 8 cm.\"}]', '{\"name\":\"ksdk slsl\",\"phone\":\"0882726048\",\"full_address\":\"47/1 หัวเดียด เมืองตาก ตาก 63000\"}', 89, 'พนักงานจัดส่ง', 0, '123456789', '2025-05-06 12:20:00', 'promptpay', 1),
('LSV-06052025-2', '1640eed', '[{\"product_id\":58,\"name\":\"DAY LIGHT - SILVER NIGHT Standee\",\"quantity\":1,\"img\":\"https://lestialv.ddns.net/Server/uploads/image-1741019089165-614336847.png\",\"price\":490,\"description\":\"DAY LIGHT - SILVER NIGHT Acrylic Standee Size 15 cm.\"}]', '{\"name\":\"NishiKi YuKi\",\"phone\":\"0882726048\",\"full_address\":\"41/1 ตาก แม่ต้าน ตาก 63150\"}', 490, 'ยกเลิกคำสั่งซื้อ', 0, NULL, '2025-05-06 12:55:17', 'coins', 0),
('LSV-06052025-3', '1640eed', '[{\"product_id\":62,\"name\":\"Oversized T-shirt\",\"quantity\":1,\"img\":\"https://lestialv.ddns.net/Server/uploads/image-1741078495022-964979378.jpg\",\"price\":490,\"description\":\"Oversized T-shirt (Size รอบอก 44\\\" ยาว 29\\\") : 490.-\"}]', '{\"name\":\"NishiKi YuKi\",\"phone\":\"0882726048\",\"full_address\":\"41/1 ตาก แม่ต้าน ตาก 63150\"}', 490, 'ยกเลิกคำสั่งซื้อ', 0, NULL, '2025-05-06 12:57:31', 'coins', 0);

-- --------------------------------------------------------

--
-- Table structure for table `order_edit_logs`
--

CREATE TABLE `order_edit_logs` (
  `id` int(11) NOT NULL,
  `order_id` varchar(255) NOT NULL,
  `user_id` varchar(50) NOT NULL,
  `action` varchar(50) NOT NULL,
  `old_data` text DEFAULT NULL,
  `new_data` text DEFAULT NULL,
  `edited_at` datetime DEFAULT current_timestamp()
) ENGINE=InnoDB DEFAULT CHARSET=utf8 COLLATE=utf8_general_ci;

--
-- Dumping data for table `order_edit_logs`
--

INSERT INTO `order_edit_logs` (`id`, `order_id`, `user_id`, `action`, `old_data`, `new_data`, `edited_at`) VALUES
(1, 'LSV-23042025-4', 'cefe48d', 'update-status', '{\"Status\":\"รอพนักงานรับคำสั่งซื้อ\",\"Post_Tracking\":null}', '{\"Status\":\"พนักงานรับคำสั่งซื้อ\",\"Post_Tracking\":\"\"}', '2025-04-23 04:01:21'),
(2, 'LSV-23042025-7', 'cefe48d', 'update-status', '{\"Status\":\"รอพนักงานรับคำสั่งซื้อ\",\"Post_Tracking\":null}', '{\"Status\":\"พนักงานจัดส่ง\",\"Post_Tracking\":\"yh13920043\"}', '2025-04-23 12:53:47'),
(3, 'LSV-23042025-8', '1640eed', 'update-status', '{\"Status\":\"รอการชำระเงิน\",\"Post_Tracking\":null}', '{\"Status\":\"พนักงานจัดส่ง\",\"Post_Tracking\":\"vwxyz_cannon dragon\"}', '2025-04-23 14:31:40'),
(4, 'LSV-23042025-3', 'df99d6c', 'update-status', '{\"Status\":\"รอพนักงานรับคำสั่งซื้อ\",\"Post_Tracking\":null}', '{\"Status\":\"พนักงานรับคำสั่งซื้อ\",\"Post_Tracking\":\"\"}', '2025-04-23 16:26:25'),
(5, 'LSV-23042025-3', 'df99d6c', 'update-status', '{\"Status\":\"พนักงานรับคำสั่งซื้อ\",\"Post_Tracking\":null}', '{\"Status\":\"พนักงานรับคำสั่งซื้อ\",\"Post_Tracking\":\"\"}', '2025-04-23 16:26:47'),
(6, 'LSV-23042025-7', '1640eed', 'update-status', '{\"Status\":\"ยกเลิกคำสั่งซื้อ\",\"Post_Tracking\":null}', '{\"Status\":\"พนักงานรับคำสั่งซื้อ\",\"Post_Tracking\":\"\"}', '2025-04-23 21:03:36'),
(7, 'LSV-23042025-7', '1640eed', 'update-status', '{\"Status\":\"พนักงานรับคำสั่งซื้อ\",\"Post_Tracking\":null}', '{\"Status\":\"พนักงานรับคำสั่งซื้อ\",\"Post_Tracking\":\"\"}', '2025-04-23 21:03:54'),
(8, 'LSV-24042025-3', 'df99d6c', 'update-status', '{\"Status\":\"รอการชำระเงิน\",\"Post_Tracking\":null}', '{\"Status\":\"พนักงานรับคำสั่งซื้อ\",\"Post_Tracking\":\"\"}', '2025-04-24 14:57:10'),
(9, 'LSV-26042025-1', 'df99d6c', 'update-status', '{\"Status\":\"รอการชำระเงิน\",\"Post_Tracking\":null}', '{\"Status\":\"พนักงานรับคำสั่งซื้อ\",\"Post_Tracking\":\"\"}', '2025-04-26 20:17:16'),
(10, 'LSV-27042025-1', 'cefe48d', 'update-status', '{\"Status\":\"รอการชำระเงิน\",\"Post_Tracking\":null}', '{\"Status\":\"พนักงานรับคำสั่งซื้อ\",\"Post_Tracking\":\"\"}', '2025-04-27 14:56:58'),
(11, 'LSV-27042025-1', 'cefe48d', 'update-status', '{\"Status\":\"พนักงานรับคำสั่งซื้อ\",\"Post_Tracking\":null}', '{\"Status\":\"พนักงานจัดส่ง\",\"Post_Tracking\":\"th2254678\"}', '2025-04-27 15:00:51'),
(12, 'LSV-27042025-1', 'cefe48d', 'update-status', '{\"Status\":\"พนักงานจัดส่ง\",\"Post_Tracking\":\"th2254678\"}', '{\"Status\":\"พนักงานจัดส่ง\",\"Post_Tracking\":\"th2254678\"}', '2025-04-27 15:01:12'),
(13, 'LSV-27042025-1', 'cefe48d', 'update-status', '{\"Status\":\"พนักงานจัดส่ง\",\"Post_Tracking\":\"th2254678\"}', '{\"Status\":\"พนักงานรับคำสั่งซื้อ\",\"Post_Tracking\":\"\"}', '2025-04-27 15:01:18'),
(14, 'LSV-27042025-1', 'cefe48d', 'update-status', '{\"Status\":\"พนักงานรับคำสั่งซื้อ\",\"Post_Tracking\":null}', '{\"Status\":\"พนักงานจัดส่ง\",\"Post_Tracking\":\"th2254678\"}', '2025-04-27 15:01:23'),
(15, 'LSV-28042025-2', 'cefe48d', 'update-status', '{\"Status\":\"รอการชำระเงิน\",\"Post_Tracking\":null}', '{\"Status\":\"พนักงานจัดส่ง\",\"Post_Tracking\":\"th2568444589\"}', '2025-04-28 19:22:02'),
(16, 'LSV-29042025-3', 'cefe48d', 'update-status', '{\"Status\":\"รอพนักงานรับคำสั่งซื้อ\",\"Post_Tracking\":null}', '{\"Status\":\"พนักงานรับคำสั่งซื้อ\",\"Post_Tracking\":\"\"}', '2025-04-29 11:30:17'),
(17, 'LSV-29042025-3', 'cefe48d', 'update-status', '{\"Status\":\"พนักงานรับคำสั่งซื้อ\",\"Post_Tracking\":null}', '{\"Status\":\"พนักงานจัดส่ง\",\"Post_Tracking\":\"TH-123123124\"}', '2025-04-29 11:31:30'),
(18, 'LSV-05052025-1', '1640eed', 'update-status', '{\"Status\":\"รอพนักงานรับคำสั่งซื้อ\",\"Post_Tracking\":null}', '{\"Status\":\"พนักงานจัดส่ง\",\"Post_Tracking\":\"th2568444589\"}', '2025-05-05 17:19:34'),
(19, 'LSV-27042025-7', '1640eed', 'update-status', '{\"Status\":\"รอพนักงานรับคำสั่งซื้อ\",\"Post_Tracking\":null}', '{\"Status\":\"พนักงานจัดส่ง\",\"Post_Tracking\":\"9956814\"}', '2025-05-05 17:21:38'),
(20, 'LSV-28042025-5', '1640eed', 'update-status', '{\"Status\":\"รอพนักงานรับคำสั่งซื้อ\",\"Post_Tracking\":null}', '{\"Status\":\"พนักงานรับคำสั่งซื้อ\",\"Post_Tracking\":\"\"}', '2025-05-05 17:21:46'),
(21, 'LSV-28042025-3', '1640eed', 'update-status', '{\"Status\":\"รอการชำระเงิน\",\"Post_Tracking\":null}', '{\"Status\":\"พนักงานจัดส่ง\",\"Post_Tracking\":\"TH-215441DH544312\"}', '2025-05-05 17:22:06'),
(22, 'LSV-06052025-1', 'cefe48d', 'update-status', '{\"Status\":\"รอการชำระเงิน\",\"Post_Tracking\":null}', '{\"Status\":\"พนักงานจัดส่ง\",\"Post_Tracking\":\"123456789\"}', '2025-05-06 12:29:01');

-- --------------------------------------------------------

--
-- Table structure for table `product`
--

CREATE TABLE `product` (
  `Product_id` int(11) NOT NULL,
  `Product_name` varchar(50) CHARACTER SET utf8 COLLATE utf8_general_ci DEFAULT NULL,
  `Product_price` float DEFAULT NULL,
  `Product_count` int(11) DEFAULT NULL,
  `Product_type` varchar(50) CHARACTER SET utf8 COLLATE utf8_general_ci DEFAULT NULL,
  `Product_img` varchar(255) CHARACTER SET utf8 COLLATE utf8_general_ci DEFAULT NULL,
  `Product_description` varchar(255) CHARACTER SET utf8 COLLATE utf8_general_ci DEFAULT NULL,
  `Product_status` varchar(255) CHARACTER SET utf8 COLLATE utf8_general_ci DEFAULT NULL
) ENGINE=InnoDB DEFAULT CHARSET=latin1 COLLATE=latin1_swedish_ci;

--
-- Dumping data for table `product`
--

INSERT INTO `product` (`Product_id`, `Product_name`, `Product_price`, `Product_count`, `Product_type`, `Product_img`, `Product_description`, `Product_status`) VALUES
(53, 'Cosmic Vision Club เล่มที่ 1', 259, 0, 'Novel', 'uploads/image-1741016768676-270505140.png', 'พบกับการผจญภัยสู่โลกเหนือจินตนาการ การต่อสู้ในภารกิจสุดส้ำ ของ\'สกายเลอร์\'แฮกเกอร์หนุ่มผู้มี\'บั๊ก\'ซะเองและสองสาวสุดป่วนจากต่างมิติ พวกเขาจะทำอย่างไรกับหายนะที่ซ่อนเร้น ที่เปลี่ยนทุกสิ่งไปตลอดกาลใน Cosmic Vision Club ปลดล็อคมิติ ข้ามจักรวาล ป่วนคูณสอง', 'in-stock'),
(55, 'Cosmic Vision Club เล่มที่ 2', 259, 99, 'Novel', 'uploads/image-1741017263725-684360183.png', 'พบกับการผจญภัยสู่โลกเหนือจินตนาการ การต่อสู้ในภารกิจสุดส้ำ ของ\'สกายเลอร์\'แฮกเกอร์หนุ่มผู้มี\'บั๊ก\'ซะเองและสองสาวสุดป่วนจากต่างมิติ พวกเขาจะทำ อย่างไรกับหายนะที่ซ่อนเร้น ที่เปลี่ยนทุกสิ่งไปตลอดกาลใน Cosmic Vision Club ปลดล็อคมิติ ข้ามจักรวาล ป่วนคูณสอง', 'in-stock'),
(56, 'Cosmic Vision Club เล่มที่ 3', 259, 98, 'Novel', 'uploads/image-1741017489028-446402481.jpg', 'พบกับการผจญภัยสู่โลกเหนือจินตนาการ การต่อสู้ในภารกิจสุดส้ำ ของ\'สกายเลอร์\'แฮกเกอร์หนุ่มผู้มี\'บั๊ก\'ซะเองและสองสาวสุดป่วนจากต่างมิติ พวกเขาจะทำ อย่างไรกับหายนะที่ซ่อนเร้น ที่เปลี่ยนทุกสิ่งไปตลอดกาลใน Cosmic Vision Club ปลดล็อคมิติ ข้ามจักรวาล ป่วนคูณสอง', 'in-stock'),
(57, 'ZOE KeyChain', 89, 196, 'KeyChain', 'uploads/image-1741018996636-73324777.png', 'Acrylic KeyChain - Size 8 cm. ', 'pre-order'),
(58, 'DAY LIGHT - SILVER NIGHT Standee', 490, 94, 'Standee', 'uploads/image-1741019089165-614336847.png', 'DAY LIGHT - SILVER NIGHT\r\nAcrylic Standee Size 15 cm. ', 'in-stock'),
(62, 'Oversized T-shirt', 490, 98, 'T-shirt', 'uploads/image-1741078495022-964979378.jpg', 'Oversized T-shirt (Size รอบอก 44\" ยาว 29\") : 490.-\r\n', 'in-stock'),
(73, 'MIDNIGHT - SILVER NIGHT Standee', 490, 955, 'Standee', 'uploads/image-1745650796607-51124837.png', 'MIDNIGHT- SILVER NIGHT\r\nAcrylic Standee Size 15 cm. ', 'in-stock'),
(79, 't', 1, 1, 'Other', 'uploads/image-1746509765813-262496505.jpg', '123456y7uioplokj', 'pre-order');

-- --------------------------------------------------------

--
-- Table structure for table `product_edit_logs`
--

CREATE TABLE `product_edit_logs` (
  `id` int(11) NOT NULL,
  `product_id` int(11) NOT NULL,
  `user_id` varchar(50) NOT NULL,
  `action` varchar(50) NOT NULL,
  `old_data` text DEFAULT NULL,
  `new_data` text DEFAULT NULL,
  `edited_at` datetime DEFAULT current_timestamp()
) ENGINE=InnoDB DEFAULT CHARSET=utf8 COLLATE=utf8_general_ci;

--
-- Dumping data for table `product_edit_logs`
--

INSERT INTO `product_edit_logs` (`id`, `product_id`, `user_id`, `action`, `old_data`, `new_data`, `edited_at`) VALUES
(1, 65, 'unknown', 'update', '{\"Product_id\":65,\"Product_name\":\"ทดสอบ\",\"Product_price\":1000,\"Product_count\":1,\"Product_type\":\"Other\",\"Product_img\":\"uploads/image-1741079324416-287568737.png\",\"Product_description\":\"\",\"Product_status\":\"pre-order\"}', '{\"Product_name\":\"ทดสอบ\",\"Product_price\":\"1000\",\"Product_count\":\"1\",\"Product_type\":\"Other\",\"Product_img\":\"uploads/image-1741079324416-287568737.png\",\"Product_description\":\"ทดสอบ\",\"Product_status\":\"pre-order\"}', '2025-04-23 04:53:57'),
(2, 65, 'unknown', 'update', '{\"Product_id\":65,\"Product_name\":\"ทดสอบ\",\"Product_price\":1000,\"Product_count\":1,\"Product_type\":\"Other\",\"Product_img\":\"uploads/image-1741079324416-287568737.png\",\"Product_description\":\"ทดสอบ\",\"Product_status\":\"pre-order\"}', '{\"Product_name\":\"ทดสอบ\",\"Product_price\":\"1000\",\"Product_count\":\"1\",\"Product_type\":\"Other\",\"Product_img\":\"uploads/image-1741079324416-287568737.png\",\"Product_description\":\"\",\"Product_status\":\"pre-order\"}', '2025-04-23 04:55:16'),
(3, 65, 'df99d6c', 'update', '{\"Product_id\":65,\"Product_name\":\"ทดสอบ\",\"Product_price\":1000,\"Product_count\":1,\"Product_type\":\"Other\",\"Product_img\":\"uploads/image-1741079324416-287568737.png\",\"Product_description\":\"\",\"Product_status\":\"pre-order\"}', '{\"Product_name\":\"ทดสอบ\",\"Product_price\":\"1000\",\"Product_count\":\"1\",\"Product_type\":\"Other\",\"Product_img\":\"uploads/image-1741079324416-287568737.png\",\"Product_description\":\"ทดสอบ\",\"Product_status\":\"pre-order\"}', '2025-04-23 05:01:23'),
(4, 67, 'unknown', 'update', '{\"Product_id\":67,\"Product_name\":\"qew\",\"Product_price\":190,\"Product_count\":90,\"Product_type\":\"Novel\",\"Product_img\":\"uploads/image-1745386805432-830067999.jpg\",\"Product_description\":\"\",\"Product_status\":\"in-stock\"}', '{\"Product_name\":\"qew\",\"Product_price\":\"190\",\"Product_count\":\"1\",\"Product_type\":\"T-shirt\",\"Product_img\":\"uploads/image-1745386805432-830067999.jpg\",\"Product_description\":\"\",\"Product_status\":\"in-stock\"}', '2025-04-23 12:40:20'),
(5, 64, 'df99d6c', 'update', '{\"Product_id\":64,\"Product_name\":\"asd\",\"Product_price\":12,\"Product_count\":11,\"Product_type\":\"T-shirt\",\"Product_img\":\"uploads/image-1741079256556-184255819.png\",\"Product_description\":\"\",\"Product_status\":\"in-stock\"}', '{\"Product_name\":\"asd\",\"Product_price\":\"10\",\"Product_count\":\"11\",\"Product_type\":\"T-shirt\",\"Product_img\":\"uploads/image-1741079256556-184255819.png\",\"Product_description\":\"\",\"Product_status\":\"in-stock\"}', '2025-04-23 14:19:56'),
(6, 70, '1640eed', 'update', '{\"Product_id\":70,\"Product_name\":\"rail canon\",\"Product_price\":3000,\"Product_count\":1,\"Product_type\":\"Other\",\"Product_img\":null,\"Product_description\":\"2 Level 10 monsters\\r\\nOnce per turn: You can detach 1 material from this card; inflict 2000 damage to your opponent.\\r\\n\",\"Product_status\":\"pre-order\"}', '{\"Product_name\":\"rail canon\",\"Product_price\":\"3000\",\"Product_count\":\"1\",\"Product_type\":\"Other\",\"Product_img\":\"uploads/products/productImage-1745393650108-170739991.jpg\",\"Product_description\":\"2 Level 10 monsters\\r\\nOnce per turn: You can detach 1 material from this card; inflict 2000 damage to your opponent.\\r\\n\",\"Product_status\":\"pre-order\"}', '2025-04-23 14:34:10'),
(7, 70, '1640eed', 'update', '{\"Product_id\":70,\"Product_name\":\"rail canon\",\"Product_price\":3000,\"Product_count\":1,\"Product_type\":\"Other\",\"Product_img\":\"uploads/products/productImage-1745393650108-170739991.jpg\",\"Product_description\":\"2 Level 10 monsters\\r\\nOnce per turn: You can detach 1 material from this card; inflict 2000 damage to your opponent.\\r\\n\",\"Product_status\":\"pre-order\"}', '{\"Product_name\":\"rail canon\",\"Product_price\":\"3000\",\"Product_count\":\"1\",\"Product_type\":\"Other\",\"Product_img\":\"uploads/products/productImage-1745393724232-964685332.png\",\"Product_description\":\"2 Level 10 monsters\\r\\nOnce per turn: You can detach 1 material from this card; inflict 2000 damage to your opponent.\\r\\n\",\"Product_status\":\"pre-order\"}', '2025-04-23 14:35:24'),
(8, 70, '1640eed', 'update', '{\"Product_id\":70,\"Product_name\":\"rail canon\",\"Product_price\":3000,\"Product_count\":1,\"Product_type\":\"Other\",\"Product_img\":\"uploads/products/productImage-1745393724232-964685332.png\",\"Product_description\":\"2 Level 10 monsters\\r\\nOnce per turn: You can detach 1 material from this card; inflict 2000 damage to your opponent.\\r\\n\",\"Product_status\":\"pre-order\"}', '{\"Product_name\":\"rail canon\",\"Product_price\":\"3000\",\"Product_count\":\"1\",\"Product_type\":\"Other\",\"Product_img\":\"uploads/products/productImage-1745394125212-283090303.jpg\",\"Product_description\":\"2 Level 10 monsters\\r\\nOnce per turn: You can detach 1 material from this card; inflict 2000 damage to your opponent.\\r\\n\",\"Product_status\":\"pre-order\"}', '2025-04-23 14:42:05'),
(9, 58, 'null', 'update', '{\"Product_id\":58,\"Product_name\":\"DAY LIGHT - SILVER NIGHT Standee\",\"Product_price\":490,\"Product_count\":97,\"Product_type\":\"KeyChain\",\"Product_img\":\"uploads/image-1741019089165-614336847.png\",\"Product_description\":\"DAY LIGHT - SILVER NIGHT\\r\\nAcrylic Standee Size 15 cm. \",\"Product_status\":\"in-stock\"}', '{\"Product_name\":\"DAY LIGHT - SILVER NIGHT Standee\",\"Product_price\":\"490\",\"Product_count\":\"97\",\"Product_type\":\"Standee\",\"Product_img\":\"uploads/image-1741019089165-614336847.png\",\"Product_description\":\"DAY LIGHT - SILVER NIGHT\\r\\nAcrylic Standee Size 15 cm. \",\"Product_status\":\"in-stock\"}', '2025-04-25 11:40:22'),
(10, 57, 'unknown', 'update', '{\"Product_id\":57,\"Product_name\":\"ZOE KeyChain\",\"Product_price\":89,\"Product_count\":99,\"Product_type\":\"KeyChain\",\"Product_img\":\"uploads/image-1741018996636-73324777.png\",\"Product_description\":\"Acrylic KeyChain - Size 8 cm. \",\"Product_status\":\"in-stock\"}', '{\"Product_name\":\"ZOE KeyChain\",\"Product_price\":\"89\",\"Product_count\":\"99\",\"Product_type\":\"KeyChain\",\"Product_img\":\"uploads/image-1741018996636-73324777.png\",\"Product_description\":\"Acrylic KeyChain - Size 8 cm. \",\"Product_status\":\"in-stock\"}', '2025-04-26 13:39:42'),
(11, 72, 'unknown', 'update', '{\"Product_id\":72,\"Product_name\":\"SKYLER KeyChain\",\"Product_price\":89,\"Product_count\":99,\"Product_type\":\"KeyChain\",\"Product_img\":\"uploads/image-1745649575435-693436829.png\",\"Product_description\":\"\",\"Product_status\":\"in-stock\"}', '{\"Product_name\":\"SKYLER KeyChain\",\"Product_price\":\"89\",\"Product_count\":\"99\",\"Product_type\":\"KeyChain\",\"Product_img\":\"uploads/image-1745649575435-693436829.png\",\"Product_description\":\"Acrylic KeyChain - Size 8 cm. \",\"Product_status\":\"in-stock\"}', '2025-04-26 13:39:48'),
(12, 58, 'unknown', 'update', '{\"Product_id\":58,\"Product_name\":\"DAY LIGHT - SILVER NIGHT Standee\",\"Product_price\":490,\"Product_count\":97,\"Product_type\":\"Standee\",\"Product_img\":\"uploads/image-1741019089165-614336847.png\",\"Product_description\":\"DAY LIGHT - SILVER NIGHT\\r\\nAcrylic Standee Size 15 cm. \",\"Product_status\":\"in-stock\"}', '{\"Product_name\":\"DAY LIGHT - SILVER NIGHT Standee\",\"Product_price\":\"490\",\"Product_count\":\"97\",\"Product_type\":\"Standee\",\"Product_img\":\"uploads/image-1741019089165-614336847.png\",\"Product_description\":\"DAY LIGHT - SILVER NIGHT\\r\\nAcrylic Standee Size 15 cm. \",\"Product_status\":\"in-stock\"}', '2025-04-26 14:00:11'),
(13, 73, 'unknown', 'update', '{\"Product_id\":73,\"Product_name\":\"BLACK NIGHT -\",\"Product_price\":0,\"Product_count\":0,\"Product_type\":\"Novel\",\"Product_img\":\"uploads/image-1745650796607-51124837.png\",\"Product_description\":\"\",\"Product_status\":\"pre-order\"}', '{\"Product_name\":\"BLACK NIGHT - SILVER NIGHT Standee\",\"Product_price\":\"\",\"Product_count\":\"\",\"Product_type\":\"Novel\",\"Product_img\":\"uploads/image-1745650796607-51124837.png\",\"Product_description\":\"\",\"Product_status\":\"pre-order\"}', '2025-04-26 14:00:38'),
(14, 58, 'unknown', 'update', '{\"Product_id\":58,\"Product_name\":\"DAY LIGHT - SILVER NIGHT Standee\",\"Product_price\":490,\"Product_count\":97,\"Product_type\":\"Standee\",\"Product_img\":\"uploads/image-1741019089165-614336847.png\",\"Product_description\":\"DAY LIGHT - SILVER NIGHT\\r\\nAcrylic Standee Size 15 cm. \",\"Product_status\":\"in-stock\"}', '{\"Product_name\":\"DAY LIGHT - SILVER NIGHT Standee\",\"Product_price\":\"490\",\"Product_count\":\"97\",\"Product_type\":\"Standee\",\"Product_img\":\"uploads/image-1741019089165-614336847.png\",\"Product_description\":\"DAY LIGHT - SILVER NIGHT\\r\\nAcrylic Standee Size 15 cm. \",\"Product_status\":\"in-stock\"}', '2025-04-26 14:00:48'),
(15, 73, 'unknown', 'update', '{\"Product_id\":73,\"Product_name\":\"BLACK NIGHT - SILVER NIGHT Standee\",\"Product_price\":0,\"Product_count\":0,\"Product_type\":\"Novel\",\"Product_img\":\"uploads/image-1745650796607-51124837.png\",\"Product_description\":\"\",\"Product_status\":\"pre-order\"}', '{\"Product_name\":\"MIDNIGHT - SILVER NIGHT Standee\",\"Product_price\":\"490\",\"Product_count\":\"99\",\"Product_type\":\"Standee\",\"Product_img\":\"uploads/image-1745650796607-51124837.png\",\"Product_description\":\"MIDNIGHT- SILVER NIGHT\\r\\nAcrylic Standee Size 15 cm. \",\"Product_status\":\"in-stock\"}', '2025-04-26 14:02:18'),
(16, 62, 'unknown', 'update', '{\"Product_id\":62,\"Product_name\":\"t-shirt\",\"Product_price\":60,\"Product_count\":98,\"Product_type\":\"T-shirt\",\"Product_img\":\"uploads/image-1741078495022-964979378.jpg\",\"Product_description\":\"\",\"Product_status\":\"in-stock\"}', '{\"Product_name\":\"Oversized T-shirt\",\"Product_price\":\"490\",\"Product_count\":\"98\",\"Product_type\":\"T-shirt\",\"Product_img\":\"uploads/image-1741078495022-964979378.jpg\",\"Product_description\":\"Oversized T-shirt (Size รอบอก 44\\\" ยาว 29\\\") : 490.-\\r\\n\",\"Product_status\":\"in-stock\"}', '2025-04-26 14:03:56'),
(17, 76, 'null', 'update', '{\"Product_id\":76,\"Product_name\":\"skyler-standy\",\"Product_price\":400,\"Product_count\":12,\"Product_type\":\"Standee\",\"Product_img\":\"uploads/image-1745739116362-835507505.png\",\"Product_description\":\"ขนาด 15 cm\",\"Product_status\":\"in-stock\"}', '{\"Product_name\":\"skyler-standy\",\"Product_price\":\"400\",\"Product_count\":\"50\",\"Product_type\":\"Standee\",\"Product_img\":\"uploads/image-1745739116362-835507505.png\",\"Product_description\":\"ขนาด 15 cm\",\"Product_status\":\"in-stock\"}', '2025-04-27 14:33:33'),
(18, 75, 'unknown', 'update', '{\"Product_id\":75,\"Product_name\":\"standy-tyra\",\"Product_price\":350,\"Product_count\":0,\"Product_type\":\"Standee\",\"Product_img\":\"uploads/image-1745739004975-406649718.png\",\"Product_description\":\"ขนาด 15 cm\",\"Product_status\":\"pre-order\"}', '{\"Product_name\":\"standy-tyra\",\"Product_price\":\"350\",\"Product_count\":\"50\",\"Product_type\":\"Standee\",\"Product_img\":\"uploads/image-1745739004975-406649718.png\",\"Product_description\":\"ขนาด 15 cm\",\"Product_status\":\"pre-order\"}', '2025-04-27 14:38:57'),
(19, 57, 'df99d6c', 'update', '{\"Product_id\":57,\"Product_name\":\"ZOE KeyChain\",\"Product_price\":89,\"Product_count\":97,\"Product_type\":\"KeyChain\",\"Product_img\":\"uploads/image-1741018996636-73324777.png\",\"Product_description\":\"Acrylic KeyChain - Size 8 cm. \",\"Product_status\":\"in-stock\"}', '{\"Product_name\":\"ZOE KeyChain\",\"Product_price\":\"89\",\"Product_count\":\"97\",\"Product_type\":\"KeyChain\",\"Product_img\":\"uploads/image-1741018996636-73324777.png\",\"Product_description\":\"Acrylic KeyChain - Size 8 cm. \",\"Product_status\":\"pre-order\"}', '2025-04-27 16:59:06'),
(20, 72, 'unknown', 'update', '{\"Product_id\":72,\"Product_name\":\"SKYLER KeyChain\",\"Product_price\":89,\"Product_count\":96,\"Product_type\":\"KeyChain\",\"Product_img\":\"uploads/image-1745649575435-693436829.png\",\"Product_description\":\"Acrylic KeyChain - Size 8 cm. \",\"Product_status\":\"in-stock\"}', '{\"Product_name\":\"SKYLER KeyChain\",\"Product_price\":\"1\",\"Product_count\":\"96\",\"Product_type\":\"KeyChain\",\"Product_img\":\"uploads/image-1745649575435-693436829.png\",\"Product_description\":\"Acrylic KeyChain - Size 8 cm. \",\"Product_status\":\"in-stock\"}', '2025-04-29 10:59:38'),
(21, 73, 'df99d6c', 'update', '{\"Product_id\":73,\"Product_name\":\"MIDNIGHT - SILVER NIGHT Standee\",\"Product_price\":490,\"Product_count\":95,\"Product_type\":\"Standee\",\"Product_img\":\"uploads/image-1745650796607-51124837.png\",\"Product_description\":\"MIDNIGHT- SILVER NIGHT\\r\\nAcrylic Standee Size 15 cm. \",\"Product_status\":\"in-stock\"}', '{\"Product_name\":\"MIDNIGHT - SILVER NIGHT Standee\",\"Product_price\":\"490\",\"Product_count\":\"955\",\"Product_type\":\"Standee\",\"Product_img\":\"uploads/image-1745650796607-51124837.png\",\"Product_description\":\"MIDNIGHT- SILVER NIGHT\\r\\nAcrylic Standee Size 15 cm. \",\"Product_status\":\"in-stock\"}', '2025-05-02 12:06:06'),
(22, 57, 'null', 'update', '{\"Product_id\":57,\"Product_name\":\"ZOE KeyChain\",\"Product_price\":89,\"Product_count\":196,\"Product_type\":\"KeyChain\",\"Product_img\":\"uploads/image-1741018996636-73324777.png\",\"Product_description\":\"Acrylic KeyChain - Size 8 cm. \",\"Product_status\":\"pre-order\"}', '{\"Product_name\":\"ZOE KeyChain\",\"Product_price\":\"89\",\"Product_count\":\"196\",\"Product_type\":\"KeyChain\",\"Product_img\":\"uploads/image-1741018996636-73324777.png\",\"Product_description\":\"Acrylic KeyChain - Size 8 cm. \",\"Product_status\":\"out-of-stock\"}', '2025-05-04 15:47:12'),
(23, 57, 'null', 'update', '{\"Product_id\":57,\"Product_name\":\"ZOE KeyChain\",\"Product_price\":89,\"Product_count\":196,\"Product_type\":\"KeyChain\",\"Product_img\":\"uploads/image-1741018996636-73324777.png\",\"Product_description\":\"Acrylic KeyChain - Size 8 cm. \",\"Product_status\":\"out-of-stock\"}', '{\"Product_name\":\"ZOE KeyChain\",\"Product_price\":\"89\",\"Product_count\":\"196\",\"Product_type\":\"KeyChain\",\"Product_img\":\"uploads/image-1741018996636-73324777.png\",\"Product_description\":\"Acrylic KeyChain - Size 8 cm. \",\"Product_status\":\"pre-order\"}', '2025-05-04 15:53:13'),
(24, 73, '1640eed', 'update', '{\"Product_id\":73,\"Product_name\":\"MIDNIGHT - SILVER NIGHT Standee\",\"Product_price\":490,\"Product_count\":955,\"Product_type\":\"Standee\",\"Product_img\":\"uploads/image-1745650796607-51124837.png\",\"Product_description\":\"MIDNIGHT- SILVER NIGHT\\r\\nAcrylic Standee Size 15 cm. \",\"Product_status\":\"in-stock\"}', '{\"Product_name\":\"MIDNIGHT - SILVER NIGHT Standee\",\"Product_price\":\"490\",\"Product_count\":\"955\",\"Product_type\":\"Standee\",\"Product_img\":\"uploads/image-1745650796607-51124837.png\",\"Product_description\":\"MIDNIGHT- SILVER NIGHT\\r\\nAcrylic Standee Size 15 cm. \",\"Product_status\":\"in-stock\"}', '2025-05-05 17:20:46'),
(25, 73, 'unknown', 'update', '{\"Product_id\":73,\"Product_name\":\"MIDNIGHT - SILVER NIGHT Standee\",\"Product_price\":490,\"Product_count\":955,\"Product_type\":\"Standee\",\"Product_img\":\"uploads/image-1745650796607-51124837.png\",\"Product_description\":\"MIDNIGHT- SILVER NIGHT\\r\\nAcrylic Standee Size 15 cm. \",\"Product_status\":\"in-stock\"}', '{\"Product_name\":\"MIDNIGHT - SILVER NIGHT Standee\",\"Product_price\":\"490\",\"Product_count\":\"955\",\"Product_type\":\"VoicePack\",\"Product_img\":\"uploads/image-1745650796607-51124837.png\",\"Product_description\":\"MIDNIGHT- SILVER NIGHT\\r\\nAcrylic Standee Size 15 cm. \",\"Product_status\":\"in-stock\"}', '2025-05-06 10:27:46'),
(26, 73, 'unknown', 'update', '{\"Product_id\":73,\"Product_name\":\"MIDNIGHT - SILVER NIGHT Standee\",\"Product_price\":490,\"Product_count\":955,\"Product_type\":\"VoicePack\",\"Product_img\":\"uploads/image-1745650796607-51124837.png\",\"Product_description\":\"MIDNIGHT- SILVER NIGHT\\r\\nAcrylic Standee Size 15 cm. \",\"Product_status\":\"in-stock\"}', '{\"Product_name\":\"MIDNIGHT - SILVER NIGHT Standee\",\"Product_price\":\"490\",\"Product_count\":\"955\",\"Product_type\":\"Standee\",\"Product_img\":\"uploads/image-1745650796607-51124837.png\",\"Product_description\":\"MIDNIGHT- SILVER NIGHT\\r\\nAcrylic Standee Size 15 cm. \",\"Product_status\":\"in-stock\"}', '2025-05-06 10:28:27');

-- --------------------------------------------------------

--
-- Table structure for table `reading_history`
--

CREATE TABLE `reading_history` (
  `id` int(11) NOT NULL,
  `userId` varchar(50) NOT NULL,
  `novelId` int(11) NOT NULL,
  `chapterNumber` int(11) NOT NULL,
  `readAt` timestamp NOT NULL DEFAULT current_timestamp()
) ENGINE=InnoDB DEFAULT CHARSET=utf8 COLLATE=utf8_general_ci;

--
-- Dumping data for table `reading_history`
--

INSERT INTO `reading_history` (`id`, `userId`, `novelId`, `chapterNumber`, `readAt`) VALUES
(1, 'df99d6c', 2, 1, '2025-04-24 08:10:13'),
(4, 'df99d6c', 1, 11, '2025-05-06 04:03:58'),
(6, 'a463b1e', 1, 11, '2025-04-26 15:46:13'),
(7, 'a463b1e', 2, 1, '2025-04-26 15:46:19'),
(12, 'cefe48d', 1, 2, '2025-04-26 14:45:28'),
(13, '1640eed', 1, 2, '2025-04-30 20:09:40'),
(16, 'cefe48d', 2, 1, '2025-04-25 09:36:40'),
(23, 'cefe48d', 17, 2, '2025-04-28 08:24:11'),
(24, '5728640', 17, 1, '2025-04-28 22:24:08'),
(25, 'dc35824', 1, 11, '2025-04-29 04:14:00'),
(30, 'fdf373b', 17, 1, '2025-05-02 05:05:25'),
(31, 'df99d6c', 17, 2, '2025-05-05 11:38:43'),
(32, '685d243', 17, 1, '2025-05-06 05:36:38'),
(33, '685d243', 1, 1, '2025-05-06 05:37:08');

-- --------------------------------------------------------

--
-- Table structure for table `topup`
--

CREATE TABLE `topup` (
  `UserID` varchar(50) CHARACTER SET utf8 COLLATE utf8_general_ci DEFAULT NULL,
  `imgslip` varchar(255) CHARACTER SET utf8 COLLATE utf8_general_ci DEFAULT NULL,
  `ref` varchar(255) CHARACTER SET utf8 COLLATE utf8_general_ci DEFAULT NULL,
  `amount` float DEFAULT NULL
) ENGINE=InnoDB DEFAULT CHARSET=latin1 COLLATE=latin1_swedish_ci;

--
-- Dumping data for table `topup`
--

INSERT INTO `topup` (`UserID`, `imgslip`, `ref`, `amount`) VALUES
('1640eed', 'image-1740037272907-821384162.jpg', '504909589824I000006B9790', 300),
('cefe48d', 'image-1740241709672-916376015.jpg', 'E4dc0cc45d12147e7', 4),
('1640eed', 'image-1740242236986-445517979.jpg', '505215143563I000020B9790', 100),
('df99d6c', 'image-1745401224292-305526342.jpg', '511312847972I000009B9790', 10),
('5728640', 'image-1745878009108-534187492.jpg', '511905981745I000017B9790', 50),
('5728640', 'image-1745878577890-433841585.jpg', '511905982301I000017B9790', 39),
('df99d6c', 'image-1746502777850-394692391.jpg', '511911078673I000017B9790', 1),
('1640eed', 'image-1746511304275-888974398.webp', '512612586753I000011B9790', 10);

-- --------------------------------------------------------

--
-- Table structure for table `users`
--

CREATE TABLE `users` (
  `UserID` varchar(50) CHARACTER SET utf8 COLLATE utf8_general_ci DEFAULT NULL,
  `username` varchar(50) CHARACTER SET utf8 COLLATE utf8_general_ci DEFAULT NULL,
  `password` varchar(255) CHARACTER SET utf8 COLLATE utf8_general_ci DEFAULT NULL,
  `Roles` varchar(50) CHARACTER SET utf8 COLLATE utf8_general_ci DEFAULT 'user',
  `name` varchar(50) CHARACTER SET utf8 COLLATE utf8_general_ci DEFAULT NULL,
  `lastname` varchar(50) CHARACTER SET utf8 COLLATE utf8_general_ci DEFAULT NULL,
  `email` varchar(50) CHARACTER SET utf8 COLLATE utf8_general_ci DEFAULT NULL,
  `verificationCode` varchar(50) CHARACTER SET utf8 COLLATE utf8_general_ci DEFAULT NULL,
  `IsVerified` varchar(50) CHARACTER SET utf8 COLLATE utf8_general_ci NOT NULL DEFAULT 'FALSE',
  `coins` float DEFAULT 0
) ENGINE=InnoDB DEFAULT CHARSET=latin1 COLLATE=latin1_swedish_ci;

--
-- Dumping data for table `users`
--

INSERT INTO `users` (`UserID`, `username`, `password`, `Roles`, `name`, `lastname`, `email`, `verificationCode`, `IsVerified`, `coins`) VALUES
('1640eed', 'xNIshiKIx', '$2b$10$YGOtZALHY.NlJLlOmujLiO0f3ruqLz8I7/ip/B0Hch64tbBrZn51O', 'user', 'NishiKi', 'YuKi', 'crysisappdata@gmail.com', '923352', 'FALSE', 510),
('cefe48d', 'admin', '$2b$10$j7xSG05PDmmSbioasYoJbeoiFjoMsy2A3VBH03sZVwmjAn/oxr.TC', 'admin', 'admin', 'admin', 'admin@admin.com', '718424', 'FALSE', 307),
('df99d6c', 'TheDevilzz', '$2b$10$kAE2lgYKcYdx5pS7S1UDUu/foGqDOm8v9oMA7n0L5bMKlQhJsUzam', 'staff', 'วีระพล', 'ขอร้อง', 'bass02.bow@gmail.com', '864362', 'FALSE', 51),
('c622abe', 'Read_doujins', '$2b$10$d0LZn1yWp8O.ybfHVAm8EupphBHPsiOvJot1icBUxsaRgAJ558dbS', 'user', 'Fortune', 'Gamer', 'first15449@gmail.com', '811669', 'FALSE', 0),
('4def3fa', 'Aidthikon', '$2b$10$t0XLfpy3d0KZGaru3QVkuOqTaadyASYpFSA6U55ij7k/pV7GSuA1C', 'user', 'Dorm', 'Darm', 'machiro093@gmail.com', '371392', 'FALSE', 0),
('5728640', 'kasidit', '$2b$10$KD8vobq30PsVrU9xCwDeqO4CGakQAqK7iKRP7PSnyQTIEfGMaEmy6', 'user', 'กษิดิศ', 'วงศ์ต่อม', 'kasidit@gmail.com', '250292', 'FALSE', 0),
('bb6c104', 'naiky123', '$2b$10$jMolBijlExEBIRclOvgtMOGktd1JmTwFFqZ6.QtbJAlav.o32cVXu', 'user', 'tassanai', 'thungsuk', 'uesguz@gmail.com', '708276', 'FALSE', 0),
('3f1addf', 'pom01', '$2b$10$KlzdZKG4ND6ovehWsMYbMefuyLu5RjsGAH6wUcrUVyrBaMxR52mFy', 'user', 'kasidit', 'wongtom', 'phenyx03@gmail.com', '694306', 'FALSE', 0),
('685d243', 'Test01', '$2b$10$BLdqnI2RH1.b1tOP7yGLLeCNrrqOseOPYmNrh84WA.jZ4afUx2Kh6', 'user', 'Test', 'Test', 'test@gmail.com', '191834', 'FALSE', 0);

-- --------------------------------------------------------

--
-- Table structure for table `x_link`
--

CREATE TABLE `x_link` (
  `ID` int(11) NOT NULL,
  `link` longtext DEFAULT NULL
) ENGINE=InnoDB DEFAULT CHARSET=utf8 COLLATE=utf8_general_ci;

--
-- Dumping data for table `x_link`
--

INSERT INTO `x_link` (`ID`, `link`) VALUES
(1, '<blockquote class=\"twitter-tweet\"><p lang=\"th\" dir=\"ltr\">♡ FALEN&#39;s Birthday 04 APR 2025 ♡ ?‍❄️<br>เปิดรับคำอวยพรจำนวนมากที่นี่ ????<br><br>&gt;&gt; <a href=\"https://t.co/MVc3UHoXQV\">https://t.co/MVc3UHoXQV</a><br><br>มาร่วมฉลองวันคล้ายเกิดปีแรกที่ได้อยู่กับทุกคนแบบพร้อมหน้าพร้อมตากันน้า ! <br>♡โดยทุกคำอวยพรจะถูกเปิดอ่านในไลฟ์ วันศุกร์ที่ 4 เมษายน 2025 เวลา 21:00 น.<a href=\"https://twitter.com/hashtag/FALENCVCDAY?src=hash&amp;ref_src=twsrc%5Etfw\">#FALENCVCDAY</a> <a href=\"https://twitter.com/hashtag/VTUBERth?src=hash&amp;ref_src=twsrc%5Etfw\">#VTUBERth</a> <a href=\"https://t.co/57vx0YnD4O\">pic.twitter.com/57vx0YnD4O</a></p>&mdash; FALEN ?‍❄️〔 ?? 〕 (@FALEN_CVC) <a href=\"https://twitter.com/FALEN_CVC/status/1905943886939513328?ref_src=twsrc%5Etfw\">March 29, 2025</a></blockquote> <script async src=\"https://platform.twitter.com/widgets.js\" charset=\"utf-8\"></script><blockquote class=\"twitter-tweet\"><p lang=\"th\" dir=\"ltr\">⭕️กลับมาอีกครั้งกับ Di-cut Pillow : Sporty Collection 2024 !⭕️<br><br>สินค้าชิ้นพิเศษจาก LESTIAL V เปิดให้พรีออเดอร์อีกครั้งตั้งแต่วันนี้ จนถึง 14 กุมภาพันธ์ 2568 !<br><br>&quot;หนาวนี้กอดใคร หนาวไหมมากอดกัน&quot;<br><br>กับหมอนกอดอุ่น Di-cut Pillow : Sporty Collection 2024 หมอนนุ่ม ๆ จากสองสาว ROXY และ ZOE… <a href=\"https://t.co/R4IZV6VhCu\">pic.twitter.com/R4IZV6VhCu</a></p>&mdash; LESTIAL V (@LestialV) <a href=\"https://twitter.com/LestialV/status/1883742322468569435?ref_src=twsrc%5Etfw\">January 27, 2025</a></blockquote> <script async src=\"https://platform.twitter.com/widgets.js\" charset=\"utf-8\"></script>');

--
-- Indexes for dumped tables
--

--
-- Indexes for table `address`
--
ALTER TABLE `address`
  ADD PRIMARY KEY (`id`),
  ADD KEY `UserID` (`UserID`);

--
-- Indexes for table `carts`
--
ALTER TABLE `carts`
  ADD KEY `FK_carts_users` (`UserID`),
  ADD KEY `FK_carts_product` (`Product_id`);

--
-- Indexes for table `chapters`
--
ALTER TABLE `chapters`
  ADD PRIMARY KEY (`id`),
  ADD KEY `novel_id` (`novel_id`);

--
-- Indexes for table `member`
--
ALTER TABLE `member`
  ADD PRIMARY KEY (`ID`);

--
-- Indexes for table `novels`
--
ALTER TABLE `novels`
  ADD PRIMARY KEY (`id`);

--
-- Indexes for table `order_edit_logs`
--
ALTER TABLE `order_edit_logs`
  ADD PRIMARY KEY (`id`);

--
-- Indexes for table `product`
--
ALTER TABLE `product`
  ADD PRIMARY KEY (`Product_id`);

--
-- Indexes for table `product_edit_logs`
--
ALTER TABLE `product_edit_logs`
  ADD PRIMARY KEY (`id`);

--
-- Indexes for table `reading_history`
--
ALTER TABLE `reading_history`
  ADD PRIMARY KEY (`id`);

--
-- Indexes for table `topup`
--
ALTER TABLE `topup`
  ADD UNIQUE KEY `imgslip` (`imgslip`),
  ADD KEY `FK__users` (`UserID`);

--
-- Indexes for table `users`
--
ALTER TABLE `users`
  ADD UNIQUE KEY `UserId` (`UserID`) USING BTREE,
  ADD UNIQUE KEY `username` (`username`);

--
-- Indexes for table `x_link`
--
ALTER TABLE `x_link`
  ADD PRIMARY KEY (`ID`);

--
-- AUTO_INCREMENT for dumped tables
--

--
-- AUTO_INCREMENT for table `address`
--
ALTER TABLE `address`
  MODIFY `id` int(11) NOT NULL AUTO_INCREMENT, AUTO_INCREMENT=52;

--
-- AUTO_INCREMENT for table `chapters`
--
ALTER TABLE `chapters`
  MODIFY `id` int(11) NOT NULL AUTO_INCREMENT, AUTO_INCREMENT=52;

--
-- AUTO_INCREMENT for table `member`
--
ALTER TABLE `member`
  MODIFY `ID` int(11) NOT NULL AUTO_INCREMENT, AUTO_INCREMENT=13;

--
-- AUTO_INCREMENT for table `novels`
--
ALTER TABLE `novels`
  MODIFY `id` int(11) NOT NULL AUTO_INCREMENT, AUTO_INCREMENT=24;

--
-- AUTO_INCREMENT for table `order_edit_logs`
--
ALTER TABLE `order_edit_logs`
  MODIFY `id` int(11) NOT NULL AUTO_INCREMENT, AUTO_INCREMENT=23;

--
-- AUTO_INCREMENT for table `product`
--
ALTER TABLE `product`
  MODIFY `Product_id` int(11) NOT NULL AUTO_INCREMENT, AUTO_INCREMENT=80;

--
-- AUTO_INCREMENT for table `product_edit_logs`
--
ALTER TABLE `product_edit_logs`
  MODIFY `id` int(11) NOT NULL AUTO_INCREMENT, AUTO_INCREMENT=27;

--
-- AUTO_INCREMENT for table `reading_history`
--
ALTER TABLE `reading_history`
  MODIFY `id` int(11) NOT NULL AUTO_INCREMENT, AUTO_INCREMENT=34;

--
-- AUTO_INCREMENT for table `x_link`
--
ALTER TABLE `x_link`
  MODIFY `ID` int(11) NOT NULL AUTO_INCREMENT, AUTO_INCREMENT=2;

--
-- Constraints for dumped tables
--

--
-- Constraints for table `address`
--
ALTER TABLE `address`
  ADD CONSTRAINT `FK_address_users_2` FOREIGN KEY (`UserID`) REFERENCES `users` (`UserID`) ON DELETE NO ACTION ON UPDATE NO ACTION;

--
-- Constraints for table `carts`
--
ALTER TABLE `carts`
  ADD CONSTRAINT `FK_carts_product` FOREIGN KEY (`Product_id`) REFERENCES `product` (`Product_id`) ON DELETE NO ACTION ON UPDATE NO ACTION,
  ADD CONSTRAINT `FK_carts_users` FOREIGN KEY (`UserID`) REFERENCES `users` (`UserID`) ON DELETE NO ACTION ON UPDATE NO ACTION;

--
-- Constraints for table `chapters`
--
ALTER TABLE `chapters`
  ADD CONSTRAINT `chapters_ibfk_1` FOREIGN KEY (`novel_id`) REFERENCES `novels` (`id`) ON DELETE CASCADE;

--
-- Constraints for table `topup`
--
ALTER TABLE `topup`
  ADD CONSTRAINT `FK__users` FOREIGN KEY (`UserID`) REFERENCES `users` (`UserID`) ON DELETE NO ACTION ON UPDATE NO ACTION;
COMMIT;

/*!40101 SET CHARACTER_SET_CLIENT=@OLD_CHARACTER_SET_CLIENT */;
/*!40101 SET CHARACTER_SET_RESULTS=@OLD_CHARACTER_SET_RESULTS */;
/*!40101 SET COLLATION_CONNECTION=@OLD_COLLATION_CONNECTION */;
